dPct2,Dreg,logDcont,Rreg,logRcont,logOcont,Dcont,Rcont,Democrat,absIdeology,Repub2,Oreg,state,district,INC,PVI...100.to.100.,Pres_Incumbent_SameParty,PrevElectionR.,PrevElectionD.,Age.25.to.44,Age.65.and.over,Delta.unemployment.Rate,Median.household.income,PercentDelta.median.household.income,IncWin,ideologyEffect,dContDiff,PVIeffect,dWin,fitted,marginalDFitted,goalLogDCont,winDContDiff,winDContDiffPct,marginalRFitted,goalLogRCont,winRContDiff,winRContDiffPct,winRContDiff2,winDContDiff2
0.419300458,0.147276349,13.92144239,0.271534171,15.81242321,14.26108188,1111745.09,7366277.69,0,0.278,1,0.58118948,AK,1,R,9,0,0.509657147,0.409671804,28.1,9,-0.5,72515,-0.024201889,1,2.502,-6254532.6,9,0,0.407061192,0.011096565,21.19392212,1599932846,1439.118428,-0.001013928,-63.77855282,-7366277.69,-1,-7366277.69,100000000
0.538686696,0.36512741,14.5987682,0.307402445,15.19146058,10.30898599,2188589.31,3958834.93,1,0.161,0,0.327470146,AZ,1,D,2,1,0.473886362,0.526113638,23.9,15.7,-0.5,47531,-0.006080242,1,-0.322,-1770245.62,-2,1,0.463438188,0.011401955,11.20578025,-2115035.932,-0.966392334,-0.06897015,15.75237999,2978164.263,0.752283011,2978164.263,-2115035.932
0.433324109,0.335164643,14.40972071,0.327317109,15.89550437,0,1811598.49,8004418.35,0,0.337,1,0.337518248,AZ,2,R,1,0,0.500129929,0.499395945,23.9,19.1,-0.5,47507,-0.010040626,1,0.337,-6192819.86,1,0,0.412396352,0.011138135,20.39599156,719074391.5,396.9281248,-0.001048124,-47.7190238,-8004418.35,-1,-8004418.35,100000000
0.284821581,0.196057288,10.47050332,0.430531499,13.62209872,0,35258.96,824141.49,0,0.608,1,0.373411213,AZ,4,R,21,0,0.699627238,0.257901917,21,24.6,-0.8,44345,-0.001217725,1,12.768,-788882.53,21,0,0.370802718,0.01074406,30.49816598,1.75867E+13,498787655.3,-0.000452722,-461.6772262,-824141.49,-1,-824141.49,100000000
0.36859775,0.21451056,9.833648609,0.425756542,15.58197906,0,18649.88,5850156.02,0,0.673,1,0.359732898,AZ,5,R,15,0,0.695781303,0.304218697,26,15.6,-1.1,66620,-0.02661363,1,10.095,-5831506.14,15,0,0.362966883,0.010651808,22.16979434,4248322122,227793.5366,-0.00089575,-131.1132836,-5850156.02,-1,-5850156.02,100000000
0.383772763,0.241459074,8.798592066,0.392618762,13.60085788,0,6623.91,806820.62,0,0.632,1,0.365922163,AZ,6,R,9,0,0.64861645,0.35138355,26.4,16.3,-0.9,62482,-0.005297526,1,5.688,-800196.71,9,0,0.353134675,0.010527954,19.83846167,412788378.6,62317.93286,-0.000439983,-250.5620761,-806820.62,-1,-806820.62,100000000
0.745981278,0.444948268,13.50678221,0.148357843,10.37727651,0,734379.24,32120.36,1,0.446,0,0.40669389,AZ,7,D,-23,1,0,0.748543904,29.9,6.8,-1.6,34186,-0.009799333,1,10.258,702258.88,23,1,0.686870837,0.009762427,-11.68995261,-734379.24,-1,-0.032208768,18.01436715,66578003.57,2072.766419,66578003.57,-734379.24
0.611229195,0.321289081,14.70819024,0.295598895,12.87568133,0,2441662.77,390693.55,1,0.109,0,0.383112024,AZ,9,D,-4,1,0.418611396,0.546759882,30.6,10.4,-1.3,50832,-0.013810198,1,0.436,2050969.22,4,1,0.602885435,0.010908396,4.511531073,-2441572.709,-0.999963115,-0.054484045,14.91718164,2618495.866,6.702173267,2618495.866,-2441572.709
0.386729538,0.060957573,10.25263554,0.040865175,14.32172854,0,28356.18,1659003.93,0,0.478,1,0.898177251,AR,2,R,7,0,0.518573295,0.436004719,27,13.8,-0.7,47206,-0.009426768,1,3.346,-1630647.75,7,0,0.368179421,0.010713813,20.82501166,1107073682,39041.70736,-0.000578028,-181.638366,-1659003.93,-1,-1659003.93,100000000
0.404861236,0.301780349,11.81241928,0.415058166,13.83556957,0,134916.57,1020260.55,0,0.561,1,0.283161485,CA,1,R,11,0,0.610300778,0.389699222,22.1,18.9,-1.3,45741,0.000218622,1,6.171,-885343.98,11,0,0.385162113,0.010898275,20.54212799,834185427.5,6182.972392,-0.000495523,-178.1612542,-1020260.55,-1,-1020260.55,100000000
0.770896409,0.512805883,13.61295507,0.201786487,8.349720837,0,816640.17,4228,1,0.436,0,0.28540763,CA,2,D,-22,1,0.250087347,0.749912653,23.6,17.5,-0.9,62964,-0.019360269,1,9.592,812412.17,22,1,0.731045815,0.008906706,-16.80192501,-816640.17,-1,-0.018069326,23.34178014,13715327448,3243927.968,100000000,-816640.17
0.582309381,0.405114948,13.68715507,0.298362612,12.8748012,0,879539.66,390349.84,1,0.315,0,0.296522441,CA,3,D,-5,1,0.472753893,0.527246107,25.6,12.6,-0.9,56306,-0.004670905,1,1.575,489189.82,5,1,0.591685562,0.011013267,6.213498336,-879041.2146,-0.999433288,-0.054833782,14.37587184,1360954.268,3.486498849,1360954.268,-879041.2146
0.37215236,0.291416207,11.41737204,0.436987953,13.81602933,0,90885.98,1000517.91,0,0.745,1,0.271595839,CA,4,R,10,0,1,0,22.5,18.4,-1.2,66547,-0.019129337,1,7.45,-909631.93,10,0,0.380895861,0.01085446,23.19572303,11851441686,130399.0086,-0.000490046,-247.0728089,-1000517.91,-1,-1000517.91,100000000
0.7717902,0.522306751,14.51738785,0.196573218,7.901377354,0,2017535.65,2700,1,0.394,0,0.281120031,CA,5,D,-21,1,0,0.757315306,25.6,15.1,-1.5,64524,-0.010616205,1,8.274,2014835.65,21,1,0.745434047,0.008590587,-17.12075214,-2017535.65,-1,-0.015432879,25.51249146,1.20208E+11,44521571.71,100000000,-2017535.65
0.752486701,0.501706389,13.81905484,0.199877274,7.939515261,0,1003549.57,2805,1,0.435,0,0.298416337,CA,6,D,-21,1,0.27310874,0.72689126,29.6,11.3,-1.4,47433,-0.007589653,1,9.135,1000744.57,21,1,0.738807865,0.008738445,-15.07472581,-1003549.57,-1,-0.015853721,23.86553685,23156392815,8255398.508,100000000,-1003549.57
0.511914961,0.390266171,15.24881546,0.335868057,14.11956374,0,4192531.21,1355340.14,1,0.223,0,0.273865773,CA,7,D,-3,1,0.496037301,0.503962699,26.8,13.4,-1.2,65159,-0.013459384,1,0.669,2837191.07,3,1,0.539951942,0.011350393,14.1990755,-2725025.355,-0.649971394,-0.064256876,14.30499077,276126.8344,0.203732499,276126.8344,-2725025.355
0.372535549,0.33085361,10.36108042,0.385130575,13.81506066,0,31604.31,999549.2,0,0.384,1,0.284015814,CA,8,R,9,0,0.676468534,0.323531466,24.8,12.5,-1,46927,0.01534298,1,3.456,-967944.89,9,0,0.369559283,0.010729803,22.24055737,4559826646,144278.6331,-0.000484028,-249.5258833,-999549.2,-1,-999549.2,100000000
0.576297477,0.460679799,13.95912182,0.294608587,11.81782631,0,1154434.25,135648.05,1,0.258,0,0.244711613,CA,9,D,-8,1,0.476296162,0.523703838,25.9,11.8,-1.7,55958,-0.009989635,1,2.064,1018786.2,8,1,0.642486049,0.010446898,6.655759845,-1153658.002,-0.999327594,-0.044950063,13.51520943,604946.1217,4.459674295,604946.1217,-1153658.002
0.47630676,0.38830444,14.30585065,0.365147697,15.24655255,0,1632870.46,4183054.63,0,0.31,1,0.246547864,CA,10,R,0,0,0.561489201,0.438510799,26.6,11.4,-1.4,54111,-0.006412744,1,0,-2550184.17,0,0,0.411751989,0.011133255,16.43400096,12082132.37,7.399320804,-0.000833863,-13.16728608,-4183054.63,-1,-4183054.63,12082132.37
0.717622167,0.512759926,12.96176693,0.212750286,8.960660322,0,425816.84,7789.5,1,0.541,0,0.274489788,CA,11,D,-21,1,0.327260652,0.672739348,26.1,14.9,-0.9,75633,-0.018391443,1,11.361,418027.34,21,1,0.714626005,0.009245033,-10.57759326,-425816.84,-1,-0.021968273,18.86686308,156225841.3,20055.9524,100000000,-425816.84
0.907087242,0.652602648,14.13351481,0.061211577,8.416709653,0,1374381.11,4521,1,0.685,0,0.286185775,CA,13,D,-40,1,0.115212334,0.884787666,31.7,12.6,-1.1,61663,-0.040056436,1,27.4,1369860.11,40,1,0.734673121,0.008828744,-31.97579016,-1374381.11,-1,-0.018246504,30.72713327,2.21118E+13,4890912765,100000000,-1374381.11
0.808839177,0.526050394,13.31958685,0.149773652,8.328707073,0,609007.1,4140.06,1,0.387,0,0.324175954,CA,14,D,-27,1,0.233040108,0.766959892,28.9,14.4,-0.9,89241,-0.051792338,1,10.449,604867.04,27,1,0.728721856,0.008956043,-21.16430007,-609007.1,-1,-0.018060743,25.42873307,1.1055E+11,26702492.5,100000000,-609007.1
0.737557714,0.484947171,14.13047912,0.198684252,6.451654555,0,1370215.24,632.75,1,0.356,0,0.316368577,CA,15,D,-20,1,0.301946734,0.698053266,29.1,11.5,-1.7,92311,-0.043775931,1,7.12,1369582.49,20,1,0.757363274,0.008314588,-14.44071427,-1370215.24,-1,-0.009762155,30.78621178,2.34575E+13,37072317975,100000000,-1370215.24
0.578363985,0.46136433,14.3812429,0.274716478,13.58132475,0,1760735.77,791213.79,1,0.186,0,0.263919192,CA,16,D,-9,1,0.492688007,0.507311993,27.1,9.5,-1.2,37291,0.017028237,1,1.674,969521.98,9,1,0.561687419,0.011238317,7.408314286,-1759087.127,-0.999063662,-0.060515521,14.87626502,2097334.674,2.650781243,2097334.674,-1759087.127
0.712317907,0.473806188,14.08992123,0.209466039,10.18044709,0,1315754.03,26381.26,1,0.382,0,0.316727773,CA,18,D,-23,1,0.322456794,0.677543206,27.5,14.1,-1.1,107319,-0.038241132,1,8.786,1289372.77,23,1,0.697921047,0.009564662,-8.108240572,-1315754.03,-1,-0.030299352,17.18778865,29118463.79,1103.755612,29118463.79,-1315754.03
0.739690144,0.484638729,13.96162791,0.198402815,8.612685173,0,1157330.99,5500,1,0.401,0,0.316958456,CA,19,D,-24,1,0,1,29.6,11,-1.7,81193,-0.026517064,1,9.624,1151830.99,24,1,0.729975643,0.008929489,-12.88090856,-1157330.99,-1,-0.019430761,20.94828755,1252344411,227698.9839,100000000,-1157330.99
0.706014796,0.531746857,14.11389564,0.199329675,12.94521416,0,1347679.65,418826.39,1,0.455,0,0.268923468,CA,20,D,-23,1,0,0.751779587,26.7,11.7,-1.6,60807,-0.009554821,1,10.465,928853.26,23,1,0.59284335,0.011002956,-4.609691443,-1347679.65,-1,-0.055313521,16.66970667,16941648.3,40.45028849,16941648.3,-1347679.65
0.420261759,0.462269518,13.52291248,0.291570893,14.85298278,0,746321.04,2822073.4,0,0.255,1,0.246159588,CA,21,R,-5,0,0.578341333,0.421658667,28.7,7.8,-0.7,37950,0.021027668,1,-1.275,-2075752.36,-5,0,0.403351964,0.01106611,20.72853773,1004539495,1345.988444,-0.00072123,-95.70571719,-2822073.4,-1,-2822073.4,100000000
0.317900397,0.327404146,0,0.431738005,14.13209627,0,0,1372432.87,0,0.449,1,0.240857848,CA,22,R,8,0,0.720350677,0.279649323,26.5,11.4,-1.2,52897,0.00587935,1,3.592,-1372432.87,8,0,0.267161883,0.009059067,20.10136423,536922449.5,Inf,-0.000455181,-385.9279753,-1372432.87,-1,-1372432.87,100000000
0.299933391,0.295454678,10.60555483,0.433159596,15.92028772,0,40357.4,8205273.38,0,0.462,1,0.271385726,CA,23,R,14,0,0.748394172,0.251605828,26.7,11.6,-1,55574,-0.017580163,1,6.468,-8164915.98,14,0,0.370906281,0.01074524,29.22464722,4.92156E+12,121949447.9,-0.00101801,-180.6068227,-8205273.38,-1,-8205273.38,100000000
0.532463085,0.397456493,15.21670746,0.318549,15.04203493,10.87036854,4060055.53,3409358.26,1,0.389,0,0.283994507,CA,24,D,-7,1,0.480728795,0.519271205,23.9,14.8,-1,62276,-0.021340484,1,2.723,650697.27,7,1,0.480528434,0.011436944,12.37826701,-3822474.79,-0.941483377,-0.068805578,15.51384385,2055472.266,0.602891251,2055472.266,-3822474.79
0.458012919,0.375198235,14.44878176,0.350690878,14.33408371,0,1883761.68,1679628.36,0,0.406,1,0.274110887,CA,25,R,0,0,1,0,25.6,10.1,-1,72342,0.004492549,1,0,204133.32,0,0,0.413881848,0.011149241,18.21469543,79500740.13,42.20318365,-0.000605325,-55.02875127,-1679628.36,-1,-1679628.36,79500740.13
0.598637098,0.4256399,14.5201051,0.306740154,12.97579503,0,2023025.27,431832.35,1,0.277,0,0.267619946,CA,26,D,-7,1,0.486683664,0.513316336,25.7,13.3,-0.6,76002,-0.011854951,1,1.939,1591192.92,7,1,0.595772223,0.01097632,5.533750945,-2022773.179,-0.999875389,-0.055445903,14.75477404,2126263.281,4.923816572,2126263.281,-2022773.179
0.664883914,0.437923452,13.6184212,0.242601563,12.24649144,0,821116.26,208248.35,1,0.503,0,0.319474985,CA,27,D,-16,1,0.40642734,0.59357266,26.9,15.9,-0.9,68755,-0.003214312,1,8.048,612867.91,16,1,0.62070884,0.010718141,-1.765208791,-821116.26,-1,-0.049138187,15.60200624,5760250.923,27.6604877,5760250.923,-821116.26
0.779236072,0.497065997,13.7885901,0.182623341,0,0,973437.67,0,1,0.347,0,0.320310662,CA,28,D,-23,1,0,0.764950442,34.3,14.3,-1.2,56103,-0.033830633,1,7.981,973437.67,23,1,0.776073055,0.007856384,-21.75397757,-973437.67,-1,-0.001062526,262.8040242,1.36E+114,Inf,100000000,-973437.67
0.724391978,0.495045313,13.40484673,0.213957341,0,0,663208.85,0,1,0.344,0,0.290997346,CA,30,D,-18,1,0.343600009,0.656399991,29.6,13.9,-1,70750,-0.020975265,1,6.192,663208.85,18,1,0.773004937,0.007933633,-14.87878661,-663208.85,-1,-0.001072816,209.1616334,6.88E+90,Inf,100000000,-663208.85
0.556733353,0.42765832,14.51459153,0.303921629,14.34320674,0,2011901.87,1695021.78,1,0.28,0,0.268420051,CA,31,D,-8,1,0.482662551,0.517337449,28.3,9.4,-1.1,53700,0.008715084,1,2.24,316880.09,8,1,0.517786753,0.011420382,9.546863516,-1997902.157,-0.993041553,-0.065590745,15.20816647,2330504.539,1.374911265,2330504.539,-1997902.157
0.662554092,0.447637657,13.92577465,0.247625251,11.21141367,0,1116571.91,73968.91,1,0.347,0,0.304737092,CA,33,D,-16,1,0.408127585,0.591872415,27.9,16.1,-0.8,96398,-0.01516629,1,5.552,1042603,16,1,0.664878318,0.010123612,-2.131151593,-1116571.91,-1,-0.039314416,15.34613344,4547084.395,61.47291334,4547084.395,-1116571.91
0.717637752,0.493730762,13.00250284,0.207094148,8.229151054,0,443521.07,3747.65,1,0.362,0,0.29917509,CA,35,D,-19,1,0,1,29.5,7.9,-1.5,54748,-0.001570834,1,6.878,439773.42,19,1,0.727364147,0.008984644,-11.2208009,-443521.07,-1,-0.017631604,20.57276691,860274903.8,229550.4927,100000000,-443521.07
0.61426561,0.397336721,14.77226171,0.352500923,13.39953396,0,2603224.23,659694.71,1,0.232,0,0.250162356,CA,36,D,-2,1,0.458159074,0.541840926,23.9,19.3,-1.1,45295,0.000485705,1,0.464,1943529.52,2,1,0.576186943,0.011139724,4.514771683,-2603133.873,-0.99996529,-0.058987985,15.33663369,3917667.574,5.938606926,3917667.574,-2603133.873
0.697401879,0.496256969,14.22168495,0.221374743,0,8.845201135,1501063.31,0,1,0.505,0,0.282368288,CA,38,D,-17,1,0.409098294,0.590901706,27.4,12.9,-1,61842,0.021085993,1,8.585,1501063.31,17,1,0.77950017,0.007769116,-11.18685455,-1501063.31,-1,-0.001050895,187.841662,3.79E+81,Inf,100000000,-1501063.31
0.422563373,0.343268886,11.24523568,0.362820973,15.11389915,0,76513.51,3663387.68,0,0.663,1,0.293910141,CA,39,R,0,0,0.685449428,0.314550572,26.5,13.1,-0.9,79814,-0.007555066,1,0,-3586874.17,0,0,0.378367133,0.01082769,18.39695749,97579078.51,1275.318287,-0.000772802,-85.08852038,-3663387.68,-1,-3663387.68,97579078.51
0.643618203,0.467271134,13.81462438,0.280031341,12.67463489,0,999113.21,319538.09,1,0.476,0,0.252697525,CA,41,D,-12,1,0.433569808,0.566430192,27.6,8.6,-1.7,54917,-0.017244205,1,5.712,679575.12,12,1,0.602969753,0.010907552,0.647765252,-999112.2987,-0.999999088,-0.053002431,15.38428802,4481236.404,14.02410712,4481236.404,-999112.2987
0.409735992,0.302237284,11.97747098,0.420702364,14.05933285,11.37849916,159128.08,1276116.53,0,0.348,1,0.277060352,CA,42,R,9,0,0.657377194,0.342622806,27.4,10.8,-1.3,72324,0.012609922,1,3.132,-1116988.45,9,0,0.386856761,0.010915209,20.24703387,620960260.2,3902.26703,-0.000537183,-153.9728667,-1276116.53,-1,-1276116.53,100000000
0.755924449,0.587772251,13.8650299,0.140680102,8.070005684,0,1050764.92,3196.12,1,0.66,0,0.271547646,CA,43,D,-29,1,0.290431967,0.709568033,29,11,-0.6,48781,0.00668293,1,19.14,1047568.8,29,1,0.737417978,0.008768967,-15.32021485,-1050764.92,-1,-0.016493979,23.58624078,17513548192,5479627.859,100000000,-1050764.92
0.410362669,0.303943658,12.00695923,0.397608586,14.44895821,0,163890.39,1884094.1,0,0.425,1,0.298447756,CA,45,R,3,0,0.651207474,0.348792526,26.8,13.6,-0.7,92378,-0.008118816,1,1.275,-1720203.71,3,0,0.386989735,0.010916526,20.21811792,603252424.8,3680.828539,-0.000616518,-130.9438151,-1884094.1,-1,-1884094.1,100000000
0.625089241,0.448389031,13.28825517,0.253214118,11.13734158,0,590221.68,68687.81,1,0.443,0,0.298396851,CA,47,D,-13,1,0.440105348,0.559894652,28.5,12,-1.4,58674,0.001874766,1,5.759,521533.87,13,1,0.660921659,0.010183997,1.005332676,-590219.9472,-0.999997064,-0.03896616,14.34754348,1633700.811,23.78443585,1633700.811,-590219.9472
0.414926878,0.298688662,11.53610151,0.413209191,13.4397781,0,102343.67,686785.05,0,0.628,1,0.288102147,CA,48,R,4,0,0.641219715,0.358780285,27.3,15.4,-1.2,81680,-0.024351126,1,2.512,-584441.38,4,0,0.38232284,0.010869304,19.36301703,256494582.1,2506.208563,-0.000429583,-184.5966014,-686785.05,-1,-686785.05,100000000
0.489891017,0.310445422,14.53412587,0.377642778,15.65785446,0,2051589.43,6311313.06,0,0.506,1,0.3119118,CA,49,R,1,0,0.601690552,0.398309448,26.9,13.2,-1.1,74916,-0.037054835,1,0.506,-4259723.63,1,0,0.4139771,0.011149945,15.44076553,3028123.632,1.475989098,-0.00096525,5.184937505,-6311135.498,-0.999971866,-6311135.498,3028123.632
0.361090369,0.272060199,10.07133359,0.430182348,13.74985567,0,23654.09,936452.99,0,0.511,1,0.297757454,CA,50,R,11,0,0.712000712,0.287999288,26.1,13,-0.7,62468,-0.012998655,1,5.621,-912798.9,11,0,0.366499827,0.010694111,23.06069136,10354521008,437747.5949,-0.000471364,-280.9474912,-936452.99,-1,-936452.99,100000000
0.718510897,0.486452589,13.88911078,0.16856728,11.53333928,0,1076375.41,102061.36,1,0.388,0,0.34498013,CA,51,D,-22,1,0.312104942,0.687895058,27.8,10.4,-0.7,41357,0.000943008,1,8.536,974314.05,22,1,0.652837864,0.010303029,-7.319303275,-1076375.41,-1,-0.042313539,16.69742867,17746413.45,173.8798449,17746413.45,-1076375.41
0.56378952,0.343400829,14.77102463,0.311333661,14.33913877,0,2600005.82,1688140.49,1,0.174,0,0.34526551,CA,52,D,-6,1,0.484131293,0.515868707,30.9,13,-0.8,84054,-0.022247603,1,1.044,911865.33,6,1,0.520971831,0.011413083,9.181867224,-2590287.536,-0.996262207,-0.065588696,15.31170758,2776536.193,1.644730524,2776536.193,-2590287.536
0.66141536,0.430105321,13.06234089,0.242022135,11.96949039,0,470870.68,157863.19,1,0.344,0,0.327872544,CA,53,D,-14,1,0.411634379,0.588365621,31.9,11.7,-0.8,63458,-0.030035614,1,4.816,313007.49,14,1,0.626720521,0.010647516,-2.097566772,-470870.68,-1,-0.046794755,15.41892312,4812099.651,30.48272147,4812099.651,-470870.68
0.704671156,0.446376424,13.99287285,0.174566247,11.0135904,0,1194062.62,60692.41,1,0.433,0,0.379057329,CO,1,D,-21,1,0.289708216,0.658114717,35.8,10.9,-1.6,55945,-0.061739208,1,9.093,1133370.21,21,1,0.672269832,0.010007044,-6.45983618,-1194062.62,-1,-0.037482821,16.47398926,14213863.37,234.1950727,14213863.37,-1194062.62
0.602830568,0.333156084,14.10200646,0.260767503,12.02645088,0,1331751.71,167116.24,1,0.28,0,0.406076414,CO,2,D,-9,1,0.432568761,0.567431239,26.2,12.4,-1,69304,-0.027083574,1,2.52,1164635.47,9,1,0.635403559,0.010539792,4.345592827,-1331675.572,-0.999942829,-0.046849815,14.22134894,1333442.776,7.97913342,1333442.776,-1331675.572
0.426618785,0.288212583,14.3481845,0.345492249,14.52949884,0,1703480.24,2042118.59,0,0.455,1,0.366295168,CO,3,R,6,0,0.579819379,0.356988131,24.8,15.5,-0.6,49013,0.005141493,1,2.73,-338638.35,6,0,0.412662852,0.011140143,20.93528241,1234464887,724.6722668,-0.000648007,-98.71190261,-2042118.59,-1,-2042118.59,100000000
0.330629129,0.227066057,11.20701751,0.409721018,13.54068258,0,73644.44,759701.8,0,0.729,1,0.363212925,CO,4,R,13,0,0.646727654,0.292233698,26.4,11.9,-0.9,66030,-0.055701954,1,9.477,-686057.36,13,0,0.378734393,0.010831616,26.84373095,4.55076E+11,6179369.895,-0.000443593,-368.2750415,-759701.8,-1,-759701.8,100000000
0.330295832,0.213453142,9.531012731,0.406782768,12.79917983,0,13779.54,361919.49,0,0.69,1,0.37976409,CO,5,R,14,0,0.597979875,0.402020125,27.1,12.1,-0.7,56622,-0.021210837,1,9.66,-348139.95,14,0,0.361090734,0.010628872,25.49735137,1.18402E+11,8592592.802,-0.000334545,-494.469327,-361919.49,-1,-361919.49,100000000
0.452581298,0.319060233,15.23459577,0.306950656,15.08992779,0,4133336.6,3576615.46,0,0.498,1,0.373989111,CO,6,R,-2,0,0.518980611,0.429919693,29,10.5,-1.2,69909,-0.04477249,1,-0.996,556721.14,-2,0,0.422195529,0.011207622,19.46552931,280163459.2,67.7814285,-0.000794746,-44.57530894,-3576615.46,-1,-3576615.46,100000000
0.579767852,0.340259783,14.36839251,0.258979095,10.8661037,0,1738254.37,52369.76,1,0.285,0,0.400761123,CO,7,D,-6,1,0.449270462,0.550729538,29.1,12.2,-1.4,60874,-0.032115517,1,1.71,1685884.61,6,1,0.680801343,0.009866429,6.28361833,-1737719.646,-0.999692379,-0.035965945,13.08397544,428799.0109,8.187912469,428799.0109,-1737719.646
0.649410941,0.425039223,14.29507504,0.178624968,9.96037768,0,1615369.72,21169.79,1,0.401,0,0.396335809,CT,1,D,-12,1,0.360788687,0.584860543,25.4,15.7,-0.7,66349,-0.022517295,1,4.812,1594199.93,12,1,0.70550496,0.009422636,-1.56152145,-1615369.72,-1,-0.02845509,15.211141,4016348.419,189.7207492,4016348.419,-1615369.72
0.650384903,0.31398685,13.95947953,0.223986913,11.04519685,0,1154847.28,62641.35,1,0.341,0,0.462026237,CT,2,D,-3,1,0.354647796,0.576012565,23.1,15.4,-0.6,71458,0.004226259,1,1.023,1092205.93,3,1,0.670883262,0.010029283,-1.035102401,-1154847.28,-1,-0.037785262,15.02518519,3289751.355,52.51724867,3289751.355,-1154847.28
0.686561278,0.411961227,13.95603735,0.165571824,0,0,1150878.91,0,1,0.418,0,0.422466949,CT,3,D,-9,1,0.330829431,0.619270359,25.8,15.2,-0.8,62939,0.005910485,1,3.762,1150878.91,9,1,0.777402555,0.007822653,-9.892814074,-1150878.91,-1,-0.001058031,176.328751,3.79E+76,Inf,100000000,-1150878.91
0.600624116,0.365518168,13.95060862,0.2418933,11.9903423,0,1144648.03,161189.52,1,0.242,0,0.392588532,CT,4,D,-7,1,0.443707243,0.510065392,24.7,13.9,-0.5,86773,-0.021792493,1,1.694,983458.51,7,1,0.635313839,0.010540938,4.404578065,-1144567.205,-0.999929389,-0.04658153,14.15051427,1236755.059,7.672676604,1236755.059,-1144567.205
0.579478169,0.323297669,14.18523127,0.234461313,11.67704885,0,1447329.34,117834.97,1,0.306,0,0.442241018,CT,5,D,-2,1,0.433209408,0.498150501,24.1,15.3,-0.8,67805,-0.017550328,1,0.612,1329494.37,2,1,0.650418138,0.010337521,6.496911553,-1446667.249,-0.999542543,-0.043509769,13.50372298,614301.0636,5.213232231,614301.0636,-1446667.249
0.575464724,0.474304985,15.14851038,0.278981299,12.41313283,0,3792401.88,246010.32,1,0.256,0,0.246713716,DE,1,D,-6,1,0.367615503,0.592577401,25,15.9,-0.8,60509,-0.010428201,1,1.536,3546391.56,6,1,0.629651567,0.01061193,8.03720028,-3789308.941,-0.999184438,-0.050006602,13.92222805,866608.5624,3.522651255,866608.5624,-3789308.941
0.308770041,0.255951533,10.91217459,0.52277178,14.95319794,5.361292166,54838.97,3119544.71,0,0.633,1,0.221276687,FL,1,R,22,0,0.70146977,0.23359947,25.4,15.2,-1.5,50667,-0.01855251,1,13.926,-3064705.74,22,0,0.374887586,0.010789883,28.63525502,2.72982E+12,49778745.09,-0.0007276,-247.8696527,-3119544.71,-1,-3119544.71,100000000
0.307695076,0.380405802,13.92393668,0.43427432,15.03143921,10.23906546,1114521.57,3373424.35,1,0.233,0,0.185319879,FL,2,D,18,1,0.493482264,0.504828249,26,14,-0.8,43919,0.001548305,0,-4.194,-2258902.78,-18,0,0.466480922,0.011410134,30.77780768,2.32612E+13,20871013.67,-0.068281641,12.21509034,-3171613.655,-0.940176309,-3171613.655,100000000
0.412489474,0.366593819,13.48854876,0.402665372,13.58565005,0,721110.29,794643.44,0,0.701,1,0.230740809,FL,3,R,9,0,0.64984769,0.323020511,24.3,16.3,-0.9,45878,-0.024107415,1,6.309,-73533.15,9,0,0.403588444,0.01106809,21.3951092,1957121910,2714.039637,-0.000461008,-176.2386994,-794643.44,-1,-794643.44,100000000
0.2818508,0.26606225,10.82367548,0.497393278,15.00661561,0,50194.24,3290714.61,0,0.333,1,0.236544472,FL,4,R,17,0,0.782770745,0,28.4,13.5,-0.9,55936,-0.004183352,1,5.661,-3240520.37,17,0,0.373905794,0.010779011,31.06200717,3.09071E+13,615750006.6,-0.000740647,-279.5322111,-3290714.61,-1,-3290714.61,100000000
0.642168027,0.58330486,13.78371496,0.231014153,11.39421332,0,968703.57,88805.34,1,0.429,0,0.185680988,FL,5,D,-12,1,0.345250238,0.654749762,27.7,11.6,-1.6,33528,0.014704128,1,5.148,879898.23,12,1,0.656906112,0.010243858,-0.094652525,-968703.57,-1,-0.041072664,14.85559156,2740639.863,30.86120568,2740639.863,-968703.57
0.414110488,0.335239458,12.12481812,0.375241924,15.55646665,0,184390.8,5702792.24,0,0.662,1,0.289518618,FL,6,R,7,0,0.625445325,0.374554675,21,22.6,-1,46388,-0.006445632,1,4.634,-5518401.44,7,0,0.387572644,0.010922281,19.98851506,479440586.9,2600.132907,-0.000911321,-78.69082794,-5702792.24,-1,-5702792.24,100000000
0.514647337,0.36064994,13.92232137,0.343720235,14.41874402,0,1112722.72,1828019.08,0,0.453,1,0.295629825,FL,7,R,0,0,0.635989858,0.321402159,26.1,14.1,-1.2,53438,0.029099143,0,0,-715296.36,0,1,0.408003792,0.011104102,12.60322898,-815206.026,-0.732622792,-0.000621016,38.00481699,3.20098E+16,17510622359,100000000,-815206.026
0.340180966,0.305817501,11.03338854,0.424056814,13.55783912,9.544739032,61906,772848.12,0,0.51,1,0.270125685,FL,8,R,11,0,0.658358621,0.341419168,20.7,23.2,-1.1,48311,-0.015441618,1,5.61,-710942.12,11,0,0.376859354,0.010811446,25.8157802,1.62799E+11,2629771.29,-0.00044543,-345.2395372,-772848.12,-1,-772848.12,100000000
0.574698447,0.40265812,15.75841288,0.276346683,10.8151964,0,6978975.86,49770.43,1,0.363,0,0.320995197,FL,9,D,-5,1,0.431124122,0.539746259,29.8,11.5,-2,45735,-0.001618017,1,1.815,6929205.43,5,1,0.696030663,0.009599281,7.976741602,-6976064.434,-0.999582829,-0.034748612,12.96487784,377373.1558,7.58227638,377373.1558,-6976064.434
0.648636715,0.448555762,14.67115604,0.254907667,13.87485989,0,2352891.63,1061144.87,0,0.478,1,0.296536572,FL,10,R,-11,0,0.615408429,0.384505577,26.5,17.6,-1.4,51038,-0.022277519,0,-5.258,1291746.76,-11,1,0.416568391,0.011168807,1.362956152,-2352888.722,-0.999998764,-0.000515594,302.1573673,1.68E+131,1.58E+125,100000000,-2352888.722
0.325766053,0.304069295,10.95507881,0.451392583,11.78043861,7.150701458,57243.04,130670.08,0,0.483,1,0.244538123,FL,11,R,15,0,0.66658832,0.33341168,18.2,32.1,-1.4,41316,-0.006317165,1,7.245,-73427.04,15,0,0.376507692,0.010807628,27.07646592,5.74328E+11,10033143.13,-0.000237142,-722.9431046,-130670.08,-1,-130670.08,100000000
0.313898759,0.311019558,10.69269463,0.391047158,14.37612992,0,44032,1751756.14,0,0.402,1,0.297933284,FL,12,R,8,0,1,0,22.8,20.9,-1.5,50571,-0.022582112,1,3.216,-1707724.14,8,0,0.372852011,0.010767243,27.9767148,1.41297E+12,32089609.63,-0.000592294,-299.8278409,-1751756.14,-1,-1751756.14,100000000
0.518865296,0.377086015,14.7849014,0.331949063,14.63914834,0,2636337.02,2278773.46,0,0.23,1,0.290964923,FL,13,R,-2,0,0.752191648,0,22.9,23.1,-1.3,45762,-0.008609764,0,-0.46,357563.56,-2,1,0.417456725,0.011175129,13.09675119,-2148981.508,-0.815139146,-0.000675833,42.55329025,3.02454E+18,1.32727E+12,100000000,-2148981.508
0.617721559,0.424685797,13.65057287,0.281601934,10.56593091,0,847945.54,38789.51,1,0.433,0,0.29371227,FL,14,D,-7,1,0,1,30.1,12.1,-1.6,41713,-0.017236833,1,3.031,809156.03,7,1,0.682850679,0.009831677,1.676872126,-847941.1912,-0.999994871,-0.033728895,14.0561597,1233284.126,31.79426928,1233284.126,-847941.1912
0.425099939,0.356832855,10.53402874,0.353819179,13.99721854,0,37571.54,1199262.94,0,0.534,1,0.289347965,FL,15,R,6,0,0.602812971,0.397187029,25.5,14.4,-1.2,50782,0.003190107,1,3.204,-1161691.4,6,0,0.371329903,0.010750061,17.50143641,39844457.85,1060.495733,-0.000517234,-130.8116626,-1199262.94,-1,-1199262.94,39844457.85
0.402175353,0.319948528,11.15624238,0.4113113,13.73013195,0,69998.43,918163.59,0,0.36,1,0.268740172,FL,16,R,7,0,0.615386295,0.383813207,19.1,29.5,-1.7,50870,-0.046176528,1,2.52,-848165.16,7,0,0.378115061,0.01082499,20.19316982,588478457.5,8407.023665,-0.00047404,-192.633774,-918163.59,-1,-918163.59,100000000
0.356380949,0.308628259,12.01976499,0.424372567,13.73899376,0,166002.64,926336.35,0,0.461,1,0.266999174,FL,17,R,13,0,0.632353993,0.367646007,21,26,-1.5,43025,-0.002277745,1,5.993,-760333.71,13,0,0.387452026,0.010921094,25.17037486,85379590321,514326.7018,-0.000479932,-285.5100004,-926336.35,-1,-926336.35,100000000
0.445240507,0.344160427,17.25558628,0.374612662,15.84005127,10.1917126,31189318.79,7572631.1,1,0.186,0,0.281226911,FL,18,D,5,1,0.402156496,0.597843504,21.8,23.9,-1.6,52384,-0.014412798,0,-0.93,23616687.69,-5,0,0.448811124,0.011350739,22.07989714,3851900987,123.500645,-0.071282263,15.07184483,-4060110.182,-0.536155813,-4060110.182,100000000
0.34094043,0.25972812,9.62400246,0.449614959,15.60459949,0,15122.46,5983997.14,0,0.626,1,0.290656921,FL,19,R,13,0,0.645521164,0.327406921,20.4,28.3,-1.8,51510,-0.018967191,1,8.138,-5968874.68,13,0,0.360733461,0.010624465,24.59506861,48028878245,3175996.382,-0.000900491,-161.0319455,-5983997.14,-1,-5983997.14,100000000
0.803013139,0.629109532,13.64482914,0.127028599,9.24420349,0,843089.12,10343.43,1,0.564,0,0.243861869,FL,20,D,-31,1,0.183963522,0.816036478,27.4,13.8,-1.4,38517,-0.011501415,1,17.484,832745.69,31,1,0.715448672,0.009228658,-19.18910553,-843089.12,-1,-0.023551269,22.11031011,4002990435,387008.0269,100000000,-843089.12
0.640566766,0.436077357,13.71543722,0.263485638,10.81629884,0,904770.06,49825.33,1,0.411,0,0.300437005,FL,21,D,-9,1,0,0.996265506,22.8,22.3,-1.2,56980,-0.022972973,1,3.699,854944.73,9,1,0.675851325,0.009948802,-0.413576726,-904770.06,-1,-0.035870261,14.73505388,2458318.372,49.33872735,2458318.372,-904770.06
0.589088804,0.414956995,14.35506425,0.285197008,11.9957192,0,1715240.17,162058.56,1,0.417,0,0.299845997,FL,22,D,-6,1,0.419651451,0.580316156,25.6,21.5,-1.7,54589,-0.022733518,1,2.502,1553181.61,6,1,0.639369346,0.010488335,5.860979754,-1714890.102,-0.999795907,-0.046435824,13.91425527,941724.9242,5.811016241,941724.9242,-1714890.102
0.583090351,0.45065701,15.90878712,0.243834863,11.94450942,10.42994122,8111448.3,153968.44,1,0.432,0,0.305508127,FL,23,D,-11,1,0.373322087,0.626677913,27.2,15.9,-1.3,54018,-0.0182902,1,4.752,7957479.86,11,1,0.657682694,0.010232416,7.788481192,-8109036.65,-0.999702686,-0.04512887,13.78568894,816649.2144,5.304003953,816649.2144,-8109036.65
0.375888208,0.296488839,10.53418204,0.381458934,14.24061466,0,37577.3,1529748.66,0,0.277,1,0.322052227,FL,25,R,4,0,1,0,27,15.7,-1.2,49510,-0.022379317,1,1.108,-1492171.36,4,0,0.371221835,0.010748833,22.08071814,3886242029,103419.9378,-0.000563614,-205.9664322,-1529748.66,-1,-1529748.66,100000000
0.4372671,0.364782066,14.94921931,0.305373584,15.16429082,0,3107157.84,3852722.34,0,0.204,1,0.32984435,FL,26,R,-6,0,0.514643262,0.485356738,26.8,14.8,-1.4,52115,0.007963158,1,-1.224,-745564.5,-6,0,0.418961535,0.011185672,20.5575459,844176332.1,271.6876244,-0.000814127,-61.89108546,-3852722.34,-1,-3852722.34,100000000
0.450898156,0.358273207,13.76850346,0.319026383,15.05470214,0,954079.63,3452820,0,0.245,1,0.32270041,FL,27,R,-5,0,1,0,27.9,16.4,-1,42405,-0.015021813,1,-1.225,-2498740.37,-5,0,0.405934789,0.011087452,18.19709945,79010907.79,82.81374563,-0.000775963,-48.22391142,-3452820,-1,-3452820,79010907.79
0.319587718,0.101527994,12.67740411,0.506477786,13.68492269,0,320424.19,877578.38,0,0.726,1,0.39199422,ID,1,R,21,0,0.650083309,0.349884997,24.8,14.7,-1.3,48617,-0.013431516,1,15.246,-557154.19,21,0,0.394643446,0.010989591,29.09405503,4.31904E+12,13479141.41,-0.000473931,-366.9872708,-877578.38,-1,-877578.38,100000000
0.317668234,0.119328854,0,0.487104276,13.74627504,7.244456061,0,933105.89,0,0.293,1,0.39356687,ID,2,R,17,0,0.613608471,0.386391529,26,12.8,-0.8,46551,-0.020343279,1,4.981,-933105.89,17,0,0.267298845,0.00906196,20.12056557,547331698.1,Inf,-0.000397333,-445.1425857,-933105.89,-1,-933105.89,100000000
0.461034176,0.32780261,15.22689793,0.285150161,14.69263337,0,4101640.96,2403972.06,0,0.518,1,0.387047229,IA,1,R,-1,0,0.510746407,0.487874431,23.5,16.1,-0.7,54028,-0.029540238,1,-0.518,1697668.9,-1,0,0.422355536,0.011208683,18.70329424,128557590.4,31.34296533,-0.000690925,-41.70399615,-2403972.06,-1,-2403972.06,100000000
0.537022406,0.338586115,13.45788831,0.288860275,12.24922528,0,699336.2,208818.45,1,0.277,0,0.37255361,IA,2,D,-1,1,0.473623362,0.52475588,24.5,15.4,-0.7,51261,-0.034197538,1,0.277,490517.75,1,1,0.618855175,0.010739258,10.01049866,-677078.2676,-0.968172772,-0.049232488,13.00121665,234132.534,1.121225323,234132.534,-677078.2676
0.426339507,0.323451265,14.89105286,0.341233793,14.72022801,0,2931581.26,2471232.58,0,0.448,1,0.335314942,IA,3,R,1,0,0.527585742,0.42227351,27.3,13.3,-0.5,58545,-0.023793663,1,0.448,460348.68,1,0,0.418592675,0.011183107,21.47781733,2123725912,724.4301703,-0.000695978,-91.11710371,-2471232.58,-1,-2471232.58,100000000
0.386065351,0.248206941,11.91449172,0.38721739,13.77202982,0,149415.31,957450,0,0.617,1,0.364575669,IA,4,R,11,0,0.616159894,0.382769843,22,17.3,-0.6,49790,-0.025286202,1,6.787,-808034.69,11,0,0.386295427,0.010909629,22.35798567,5127871686,34319.5867,-0.00048504,-221.1256037,-957450,-1,-957450,100000000
0.347124943,0.273414984,0,0.408370904,14.24131639,0,0,1530822.51,0,0.524,1,0.318214112,KS,2,R,10,0,0.570447436,0.386169279,23.9,15.2,-0.9,48818,-0.026424679,1,5.24,-1530822.51,10,0,0.267119603,0.009058173,16.87702933,21359972.53,Inf,-0.000473021,-308.9476306,-1530822.51,-1,-1530822.51,21359972.53
0.441662194,0.284561257,13.25316616,0.411421971,15.23330461,0,569870.49,4128003.21,0,0.563,1,0.304016773,KS,3,R,4,0,0.600208857,0.399791143,28,12,-0.9,66525,-0.011213829,1,2.252,-3558132.72,4,0,0.400138885,0.011038696,18.5380118,111879292.4,196.3240673,-0.000822502,-55.69393838,-4128003.21,-1,-4128003.21,100000000
0.325404165,0.223756939,12.48443234,0.438752161,14.19478351,11.3827948,264191.25,1461220.83,0,0.66,1,0.3374909,KS,4,R,15,0,0.666610618,0.333389382,25.2,13.8,-1.1,50644,-0.02470184,1,9.9,-1197029.58,15,0,0.392314141,0.010967931,28.40319032,2.16446E+12,8192762.095,-0.00056637,-294.0768708,-1461220.83,-1,-1461220.83,100000000
0.273582284,0.545919128,9.765197427,0.387249268,14.33180835,0,17415.92,1675810.94,0,0.61,1,0.066831604,KY,1,R,23,0,0.731229239,0.268770761,24,16.6,-0.8,39108,-0.004040094,1,14.03,-1658395.02,23,0,0.362998501,0.010652192,31.02070133,2.96565E+13,1702836665,-0.000576626,-378.3277435,-1675810.94,-1,-1675810.94,100000000
0.634992959,0.579301463,13.55183557,0.323510339,8.451267041,0,768222.18,4680,1,0.381,0,0.097188198,KY,3,D,-6,1,0.35568717,0.634941683,27.2,14.1,-1.1,47714,-0.032359475,1,2.286,763542.18,6,1,0.728901301,0.008952252,-1.527381682,-768222.18,-1,-0.018659122,15.68595695,6486512.402,1386.006923,6486512.402,-768222.18
0.286792729,0.42908817,0,0.458841764,12.9725336,0,0,430426.25,0,0.672,1,0.112070065,KY,4,R,18,0,0.677283735,0.322716265,26.1,13.2,-1,55540,-0.017662946,1,12.096,-430426.25,18,0,0.267523186,0.009066696,23.51543221,16316328767,Inf,-0.000302397,-692.0855633,-430426.25,-1,-430426.25,100000000
0.389110057,0.542636785,13.04541913,0.36581686,14.7801337,0,462969.74,2623797.66,0,0.486,1,0.091546355,KY,6,R,9,0,0.599949531,0.400050469,26.9,12.9,-0.9,46883,-0.030480131,1,4.374,-2160827.92,9,0,0.398145102,0.011021205,23.10692755,10844076915,23422.86326,-0.000699925,-143.6510972,-2623797.66,-1,-2623797.66,100000000
0.207422231,0.316897036,8.530514073,0.394494869,15.11045125,0,5066.05,3650778.44,0,0.56,1,0.288608096,LA,1,R,24,0,0.775602039,0.188714119,26.2,14.1,-0.4,54545,-0.007186727,1,13.44,-3645712.39,24,0,0.349606721,0.010481312,36.44474614,6.72593E+15,1.32765E+12,-0.000746214,-376.9722644,-3650778.44,-1,-3650778.44,100000000
0.178606068,0.41415604,9.592843186,0.318137426,16.18366845,0,14658.49,10677703.67,0,0.392,1,0.267706534,LA,3,R,20,0,0.880043002,0,26.3,12.8,-0.2,46157,-0.016508872,1,7.84,-10663045.18,20,0,0.359921831,0.010614413,39.87185525,2.07075E+17,1.41266E+13,-0.001102381,-275.3616449,-10677703.67,-1,-10677703.67,100000000
0.287465877,0.441769178,13.06022651,0.314148105,15.6943437,0,469876.13,6545861.32,0,0.59,1,0.244082718,LA,4,R,13,0,0.734338853,0,25.7,14.3,-0.5,41345,0.00575644,1,7.67,-6075985.19,13,0,0.397677295,0.011017046,32.35161571,1.12235E+14,238860753.9,-0.00096533,-204.4730621,-6545861.32,-1,-6545861.32,100000000
0.247224382,0.381445954,0,0.357447999,14.28768967,0,0,1603483.56,0,0.5,1,0.261106047,LA,6,R,19,0,0.703539929,0.285762779,27.2,12,-0.3,57884,-0.018433419,1,9.5,-1603483.56,19,0,0.267101154,0.009057783,27.90700636,1.31783E+12,Inf,-0.000480803,-511.4486439,-1603483.56,-1,-1603483.56,100000000
0.57879818,0.343775688,12.59993702,0.248996617,12.33196586,0,296538.89,226831.21,1,0.428,0,0.407227695,ME,1,D,-8,1,0.294269644,0.579756326,23.9,17.3,-0.6,55468,-0.009951684,1,3.424,69707.68,8,1,0.605796858,0.010879251,5.356958818,-296327.811,-0.999288191,-0.05033727,13.89737019,858471.2459,3.784625784,858471.2459,-296327.811
0.450844931,0.291729248,15.12090289,0.290772004,15.03600207,0,3689135.18,3388851.99,0,0.37,1,0.417498748,ME,2,R,2,0,0.451918416,0.401913162,22.6,17.8,-0.5,43404,-0.016772648,1,0.74,300283.19,2,0,0.420961619,0.011199361,19.50999875,293535497.3,79.5675634,-0.000779168,-48.05063151,-3388851.99,-1,-3388851.99,100000000
0.292598893,0.351965104,11.02936167,0.449532965,13.66062306,0,61657.21,856510.53,0,0.604,1,0.198501931,MD,1,R,14,0,0.704190593,0.294878962,22.4,16.6,-0.9,69077,-0.002591311,1,8.456,-794853.32,14,0,0.376777153,0.010810555,30.21441881,1.32421E+13,214768949.6,-0.000461885,-435.3711079,-856510.53,-1,-856510.53,100000000
0.651698226,0.581123821,13.95558255,0.229781686,12.39259636,0,1150355.61,241009.64,1,0.299,0,0.189094493,MD,2,D,-11,1,0.358592135,0.613239353,28.4,12.2,-0.6,61839,0.000404276,1,3.289,909345.97,11,1,0.617767123,0.010751516,-0.153890844,-1150355.61,-1,-0.05035455,15.4051985,4661208.282,19.34033959,4661208.282,-1150355.61
0.645744529,0.546381503,13.54228699,0.245297381,13.2534148,0,760921.65,570012.2,1,0.461,0,0.208321116,MD,3,D,-13,1,0.40301279,0.595491465,29.5,13.7,-0.6,79173,-0.040304144,1,5.993,190909.45,13,1,0.570344193,0.011181731,0.508121486,-760920.9878,-0.99999913,-0.0580853,15.76256134,6437975.79,11.29445263,6437975.79,-760920.9878
0.774116762,0.690113076,15.32450623,0.156845063,0,0,4522185.74,0,1,0.562,0,0.153041861,MD,4,D,-28,1,0.282620141,0.701783285,29,11.4,-1.1,75113,-0.016109062,1,15.736,4522185.74,28,1,0.788056237,0.007546727,-20.99809733,-4522185.74,-1,-0.001021229,268.4183891,3.74E+116,Inf,100000000,-4522185.74
0.693600124,0.57730724,15.1634089,0.240842573,12.69681804,0,3849326.06,326705.68,1,0.379,0,0.181850188,MD,5,D,-16,1,0.357246505,0.640262785,25.3,11.6,-0.6,91186,-0.001820455,1,6.064,3522620.38,16,1,0.616594099,0.01076462,-2.821445882,-3849326.06,-1,-0.052661707,16.373116,12578172.09,38.50001043,12578172.09,-3849326.06
0.574986247,0.445710913,14.49337073,0.317523852,14.17135528,0,1969657.49,1427384.89,1,0.274,0,0.236765234,MD,6,D,-6,1,0.482481001,0.497039929,26.8,12.9,-0.3,73619,-0.002173352,1,1.644,542272.6,6,1,0.528185379,0.011393118,7.911656344,-1966929.583,-0.998615035,-0.064591825,15.33228,3130092.292,2.192885965,3130092.292,-1966929.583
0.774103778,0.682167045,13.84240271,0.16359928,0,0,1027256.01,0,1,0.438,0,0.154233675,MD,7,D,-26,1,0.270104299,0.699384456,26.1,13.6,-0.5,56350,-0.033291925,1,11.388,1027256.01,26,1,0.776500933,0.007845545,-21.09510213,-1027256.01,-1,-0.001061082,258.3248764,1.55E+112,Inf,100000000,-1027256.01
0.624597958,0.514184153,16.91759724,0.262206192,11.90338048,9.477401282,22244318.73,147764.3,1,0.399,0,0.223609655,MD,8,D,-14,1,0.390316175,0.60739148,26.6,14.6,-0.1,96269,-0.004487426,1,5.586,22096554.43,14,1,0.669631164,0.010049247,4.518861046,-22244228,-0.999995921,-0.0441503,14.72551209,2336561.039,15.81275747,2336561.039,-22244228
0.686786249,0.299650673,13.95237191,0.114807663,10.66454732,0,1146668.15,42809.87,1,0.399,0,0.585541664,MA,3,D,-9,1,0.353734363,0.602732366,25.8,12.8,-0.6,69747,-0.031786313,1,3.591,1103858.28,9,1,0.682897705,0.009830878,-5.047583956,-1146668.15,-1,-0.03442112,16.09104859,9690343.492,226.3576949,9690343.492,-1146668.15
0.700224517,0.296248743,14.40200152,0.120133767,9.832725438,0,1797668.25,18632.67,1,0.435,0,0.583617489,MA,4,D,-9,1,0,0.721348077,23.9,14.3,-0.9,87821,-0.026485692,1,3.915,1779035.58,9,1,0.709609896,0.009343627,-7.026990736,-1797668.25,-1,-0.02742373,17.13386643,27596277.14,1481.069388,27596277.14,-1797668.25
0.723996866,0.354800735,13.17820792,0.104233879,10.78166304,0,528715.64,48129.1,1,0.351,0,0.540965386,MA,8,D,-10,1,0,0.766457459,28.9,15.2,-0.9,76655,-0.034792251,1,3.51,480586.54,10,1,0.671536567,0.010018819,-9.179404702,-528715.64,-1,-0.035840212,17.03153866,24880778.09,516.959139,24880778.09,-528715.64
0.622678058,0.285203285,13.00392928,0.129398631,12.5547514,11.06568744,444154.18,283437.77,1,0.326,0,0.585398084,MA,9,D,-4,1,0.434587529,0.530757658,22,19.7,-1.1,62099,-0.016377075,1,1.304,160716.41,4,1,0.59982767,0.010938134,1.788299799,-444149.2007,-0.999988789,-0.052212675,14.90433523,2687341.623,9.481240355,2687341.623,-444149.2007
0.304383035,0.310920506,0,0.468891766,12.83476858,0,0,375031.73,0,0.3,1,0.220187728,NE,1,R,11,0,0.688155168,0.311844832,25,13.7,-0.9,53758,-0.013672384,1,3.3,-375031.73,11,0,0.267557085,0.009067411,21.57362949,2340497821,Inf,-0.000288032,-666.3158008,-375031.73,-1,-375031.73,100000000
0.489446071,0.358823889,14.74173583,0.392807217,14.34196771,0,2524959.12,1692922.9,1,0.185,0,0.248368893,NE,2,D,4,1,0.455702033,0.4890239,29.1,10.8,-0.8,58344,-0.029308926,0,-0.74,832036.22,-4,0,0.520460358,0.011414318,15.66635779,3840249.907,1.520915676,-0.065602493,14.18109076,-251573.866,-0.148603262,-251573.866,3840249.907
0.682224365,0.493187557,13.63131184,0.207231598,11.56040858,10.11786842,831769.5,104861.85,1,0.297,0,0.299580845,NV,1,D,-15,1,0.378746933,0.568413056,28.6,12.4,-1.7,38241,0.052535237,1,4.455,726907.65,15,1,0.649131039,0.010355648,-3.96530533,-831769.5,-1,-0.042696561,15.82830185,7379315.882,70.37178805,7379315.882,-831769.5
0.387430459,0.313205493,12.34100464,0.417093542,13.73270753,0,228890.79,920531.45,0,0.378,1,0.269700965,NV,2,R,7,0,0.657333119,0.27934053,25.5,14.8,-1.6,53988,0.00653849,1,2.646,-691640.66,7,0,0.390950945,0.010955021,22.61661632,6641355060,29015.38791,-0.000480422,-220.5813194,-920531.45,-1,-920531.45,100000000
0.506785219,0.371556246,14.72848598,0.344125889,15.51378206,0,2491724.44,5464492.85,0,0.324,1,0.284317865,NV,3,R,2,0,0.607525443,0.361270665,30.2,14.2,-1.1,63360,0.019255051,0,0.648,-2972768.41,2,1,0.416250997,0.011166529,14.1208469,-1134644.076,-0.45536499,-0.000919024,22.89685462,8784307553,1607.524759,100000000,-1134644.076
0.521182665,0.421198229,15.50167677,0.308804261,14.47372578,0,5398742.36,1931341.23,0,0.353,1,0.26999751,NV,4,R,-3,0,0.48528456,0.457589405,27.5,13,-1.4,53073,0.007649841,0,-1.059,3467401.13,-3,1,0.42554957,0.011229365,13.61531316,-4580174.204,-0.848377992,-0.000640816,47.52949182,4.38E+20,2.26954E+14,100000000,-4580174.204
0.507553969,0.276436373,14.25682298,0.32051062,14.59755638,14.51981745,1554745.36,2185938.73,0,0.427,1,0.403053008,NH,1,R,2,0,0.517055567,0.48105349,24.3,15,-0.7,67706,-0.032552506,0,0.854,-631193.37,2,1,0.411612156,0.011132191,13.57825313,-765958.1547,-0.492658267,-0.000663258,25.98674154,1.93149E+11,88359.96909,100000000,-765958.1547
0.523138121,0.286382202,14.59612441,0.293111305,12.01641966,0,2182810.77,165448.23,1,0.258,0,0.420506493,NH,2,D,-2,1,0.448690928,0.548735431,23.2,15.6,-1.1,65822,-0.023077391,1,0.516,2017362.54,2,1,0.641047748,0.010466134,12.38536333,-1943538.077,-0.890383218,-0.046512138,12.5138838,106639.5802,0.644549538,106639.5802,-1943538.077
0.618418775,0.434139146,14.70783288,0.157409778,12.25390059,10.49224597,2440790.38,209797.03,1,0.39,0,0.408451076,NJ,1,D,-13,1,0.394314797,0.574274426,26.2,14,-1.2,64779,-0.012982602,1,5.07,2230993.35,13,1,0.632053653,0.010582166,3.517422669,-2440757.683,-0.999986604,-0.048710325,14.6849822,2175852.021,10.37122413,2175852.021,-2440757.683
0.384256371,0.29620002,11.75659891,0.267432613,14.31078451,6.221543989,127591.76,1640946.72,0,0.211,1,0.436367367,NJ,2,R,1,0,0.614599092,0.372716599,24,16.4,-1.1,58584,-0.007135054,1,0.211,-1513354.96,1,0,0.384343215,0.010889996,22.38503559,5268499185,41291.84506,-0.000585669,-183.3156647,-1640946.72,-1,-1640946.72,100000000
0.393572322,0.292528084,11.229769,0.27150303,14.4669885,0,75339.19,1918372.99,0,0.208,1,0.435968886,NJ,3,R,2,0,0.539867708,0.443501717,23.5,18,-0.7,73485,-0.000476288,1,0.416,-1843033.8,2,0,0.378573763,0.0108299,21.0569767,1396064065,18530.38326,-0.000615309,-158.4991021,-1918372.99,-1,-1918372.99,100000000
0.344577279,0.249722195,11.98427381,0.281749361,13.40810681,0,160214.3,665374.49,0,0.159,1,0.468528444,NJ,4,R,8,0,0.660256644,0.329991874,22.2,17.2,-0.9,76071,-0.010529637,1,1.272,-505160.19,8,0,0.387191465,0.010918522,26.21904975,2.43662E+11,1520852.39,-0.0004268,-350.7497218,-665374.49,-1,-665374.49,100000000
0.51683657,0.282602974,15.3674503,0.285507936,15.29141886,0,4720617.11,4375006.81,0,0.688,1,0.431889089,NJ,5,R,3,0,0.554083453,0.433027562,22.8,15.6,-0.7,92550,-0.016056186,0,2.064,345610.3,3,1,0.423541398,0.011216471,13.86639262,-3668419.315,-0.77710588,-0.000853927,35.00804914,1.59883E+15,365446517.7,100000000,-3668419.315
0.638128529,0.382286525,14.47491821,0.154560172,11.23414737,0,1933645.61,75669.78,1,0.399,0,0.463153303,NJ,6,D,-9,1,0.389275841,0.599300995,27.8,12.2,-1,75968,-0.000210615,1,3.591,1857975.83,9,1,0.66967034,0.010048601,0.728872381,-1933644.537,-0.999999445,-0.039231297,14.75502326,2483063.458,32.81446647,2483063.458,-1933644.537
0.442600988,0.273612414,12.63125711,0.30351081,14.22479142,0,305973.52,1505733.57,0,0.336,1,0.422876776,NJ,7,R,3,0,0.592549873,0.387688427,22.9,14.1,-0.7,102551,-0.010355823,1,1.008,-1199760.05,3,0,0.393903648,0.010982766,17.85753722,56635652.98,185.0998511,-0.000573219,-85.90974535,-1505733.57,-1,-1505733.57,56635652.98
0.805232219,0.535337737,13.29412152,0.086183907,0,0,593694.31,0,1,0.4,0,0.378478356,NJ,8,D,-27,1,0.190409719,0.773535552,36,9.8,-0.9,54261,-0.012495162,1,10.8,593694.31,27,1,0.772114163,0.007955906,-25.0713677,-593694.31,-1,-0.001075782,283.7305147,1.67E+123,Inf,100000000,-593694.31
0.712092004,0.417690549,14.13276297,0.141384446,11.51071903,0,1373348.18,99778.6,1,0.365,0,0.440925005,NJ,9,D,-16,1,0.300899061,0.68486373,28.5,13.4,-1,60930,-0.02552109,1,5.84,1273569.58,16,1,0.656208914,0.010254107,-6.550852338,-1373348.18,-1,-0.041976708,16.56333075,15508791.44,155.432041,15508791.44,-1373348.18
0.877069015,0.572016314,13.10732484,0.053572489,0,0,492535.99,0,1,0.5,0,0.374411197,NJ,10,D,-36,1,0.126236365,0.853830169,29,11.4,-0.8,47148,0.026385,1,18,492535.99,36,1,0.770605824,0.00799346,-34.06486534,-492535.99,-1,-0.001080782,348.8852808,3.30E+151,Inf,100000000,-492535.99
0.39976307,0.281528955,6.609389674,0.307560598,14.355642,0,741.03,1716231.44,0,0.291,1,0.410910447,NJ,11,R,3,0,0.625700272,0.374299728,23.6,16.3,-0.8,100923,-0.00782775,1,0.873,-1715490.41,3,0,0.330281692,0.010205183,16.43154897,13680673.9,18461.70047,-0.000556325,-165.8213471,-1716231.44,-1,-1716231.44,13680673.9
0.660050566,0.413456439,13.84585882,0.153533968,0,0,1030812.46,0,1,0.596,0,0.433009592,NJ,12,D,-16,1,0.365097125,0.609506221,26.8,13.9,-1,79328,0.003504437,1,9.536,1030812.46,16,1,0.776528393,0.007844849,-6.556135276,-1030812.46,-1,-0.001060989,150.8503741,3.26E+65,Inf,100000000,-1030812.46
0.651246546,0.462122853,14.52780823,0.297356723,0,0,2038669.08,0,1,0.326,0,0.240520424,NM,1,D,-7,1,0.414137487,0.585862513,26.9,14.1,-0.3,47001,0.024339908,1,2.282,2038669.08,7,1,0.781899762,0.007707396,-5.09575193,-2038669.08,-1,-0.001042666,145.0575559,9.95E+62,Inf,100000000,-2038669.08
0.37228705,0.408190843,12.87689635,0.361855002,13.79121828,0,391168.54,975999.4,0,0.47,1,0.229954156,NM,2,R,6,0,0.644274819,0.355258261,23.6,15.3,-0.5,40962,-0.022899272,1,2.82,-584830.86,6,0,0.396784655,0.011009058,24.47761207,42705899742,109175.1902,-0.000493004,-245.2590953,-975999.4,-1,-975999.4,100000000
0.625418721,0.509909484,14.44489328,0.28029748,11.55941661,0,1876450.93,104757.88,1,0.369,0,0.209793037,NM,3,D,-8,1,0.384487929,0.615229579,24.7,14.7,-0.3,47274,-0.005415239,1,2.952,1771693.05,8,1,0.65760451,0.010233558,2.189261154,-1876443.001,-0.999995775,-0.042269055,14.52656886,1931386.094,18.43666647,1931386.094,-1876443.001
0.410499389,0.304652741,15.16854122,0.341886862,15.22315716,14.23704964,3869132.82,4086326.31,0,0.354,1,0.353460396,NY,1,R,5,0,0.436070824,0.386981592,23.9,15.5,-0.6,87272,-0.003494821,1,1.77,-217193.49,5,0,0.421367468,0.011202093,23.15817383,11410899317,2949.213648,-0.000832495,-92.28577672,-4086326.31,-1,-4086326.31,100000000
0.376120454,0.347627771,12.83072731,0.339374658,14.08609565,0,373519.18,1310730.13,0,0.26,1,0.312997571,NY,2,R,3,0,0,0.285192031,25.4,13.7,-0.8,88543,-0.014399783,1,0.78,-937210.95,3,0,0.396151005,0.011003341,24.08908453,28956821143,77524.32189,-0.000546879,-212.4350492,-1310730.13,-1,-1310730.13,100000000
0.523952698,0.38624276,15.6821553,0.301461327,14.09965319,0,6466561.98,1328621.42,1,0.334,0,0.312295914,NY,3,D,-1,1,0.369349684,0.46968679,21.4,18.5,-0.8,101806,-0.00358525,1,0.334,5137940.56,1,1,0.546082008,0.011323142,13.56677973,-5686773.14,-0.879412145,-0.064096837,14.47334866,601991.6184,0.453094922,601991.6184,-5686773.14
0.593936784,0.407120541,14.32381875,0.320068412,13.01006378,0,1662475.22,446887.22,1,0.283,0,0.272811047,NY,4,D,-4,1,0.386817261,0.477864294,24.6,15.3,-0.6,94770,-0.017779888,1,1.132,1215588,4,1,0.591852947,0.011011792,5.793255503,-1662148.141,-0.999803258,-0.055813312,14.69311718,1958248.181,4.381974005,1958248.181,-1662148.141
0.867913236,0.739787777,13.92311462,0.082481427,10.69282929,0,1113605.74,44037.93,1,0.418,0,0.177730796,NY,5,D,-37,1,0,0.802033898,27.1,12.5,-0.6,61312,-0.001451592,1,15.466,1069567.81,37,1,0.681750188,0.009850385,-23.42702493,-1113605.74,-1,-0.034681592,21.30114375,1782208279,40469.84677,100000000,-1113605.74
0.727183547,0.570022735,13.62838266,0.151326188,0,0,829336.66,0,1,0.384,0,0.278651077,NY,6,D,-16,1,0,0.636781104,29.8,15.5,-0.9,58575,-0.018864703,1,6.144,829336.66,16,1,0.774795759,0.007888645,-15.17042236,-829336.66,-1,-0.001066824,212.953193,3.05E+92,Inf,100000000,-829336.66
0.907234616,0.728619234,14.12502927,0.063337996,0,0,1362768.07,0,1,0.545,0,0.20804277,NY,7,D,-38,1,0.083374683,0.687983421,34.8,9.7,-0.7,46584,-0.053237163,1,20.71,1362768.07,38,1,0.778738599,0.007788598,-38.1609697,-1362768.07,-1,-0.001053492,386.5568731,7.58E+167,Inf,100000000,-1362768.07
0.774675183,0.633713948,14.33341462,0.123595835,11.14047009,5.77666112,1678504.92,68903.04,1,0.51,0,0.242690217,NY,10,D,-26,1,0,0.653074382,34.8,13.3,-0.7,79425,-0.068870003,1,13.26,1609601.88,26,1,0.671455417,0.01002013,-13.07892171,-1678504.92,-1,-0.038450592,18.28405789,87161010.72,1264.980627,87161010.72,-1678504.92
0.367487008,0.4625815,12.54684434,0.271812442,14.40722856,9.545676964,281205.44,1807089.33,0,0.222,1,0.265606058,NY,11,R,3,0,0.435057973,0.373237597,27.4,14.5,-0.5,65480,-0.02823763,1,0.666,-1525883.89,3,0,0.392891244,0.010973344,24.62274314,49376352139,175588.1826,-0.000610818,-202.5362177,-1807089.33,-1,-1807089.33,100000000
0.829711599,0.603064632,14.37104804,0.135443,0,0,1742876.49,0,1,0.385,0,0.261492369,NY,12,D,-31,1,0.166615568,0.668029297,42.6,14.4,-0.9,91414,-0.064618111,1,11.935,1742876.49,31,1,0.780673333,0.007739004,-28.23283162,-1742876.49,-1,-0.001046881,314.9467165,6.02E+136,Inf,100000000,-1742876.49
0.928171268,0.795813767,14.95771423,0.043499951,0,9.552759178,3133665.34,0,1,0.514,0,0.160686282,NY,13,D,-43,1,0,0.690779014,32.6,11.1,-0.7,36412,-0.034466659,1,22.102,3133665.34,43,1,0.785237755,0.007620696,-41.22760609,-3133665.34,-1,-0.001031101,415.2564499,2.21E+180,Inf,100000000,-3133665.34
0.826114708,0.670293228,14.95830382,0.105114033,11.47319818,0,3135513.46,96104.15,1,0.407,0,0.224592739,NY,14,D,-29,1,0,0.673425162,33.4,12,-0.6,51215,0.000312408,1,11.803,3039409.31,29,1,0.666062873,0.01010527,-17.31344356,-3135513.46,-1,-0.041184681,19.39154784,263927174.9,2746.261997,100000000,-3135513.46
0.963986535,0.805032502,12.53118359,0.040676087,0,0,276835.84,0,1,0.489,0,0.154291411,NY,15,D,-44,1,0,0.867141085,28,8.9,-1.2,25213,0.011739975,1,21.516,276835.84,44,1,0.765909574,0.008109101,-44.68681895,-276835.84,-1,-0.001096172,423.279111,6.73E+183,Inf,100000000,-276835.84
0.552012236,0.357015121,14.50956159,0.316953591,13.13965489,0,2001807.53,508719.94,1,0.228,0,0.326031287,NY,18,D,1,1,0.356280963,0.408296066,23.4,13.4,-0.5,78021,-0.00876687,1,-0.228,1493087.59,-1,1,0.587187274,0.011052214,9.803514917,-1983711.286,-0.990960048,-0.056878416,14.05410082,760737.3422,1.495395172,760737.3422,-1983711.286
0.452638464,0.319945737,15.51427876,0.316615142,15.46176298,0,5467207.74,5187501.78,0,0.203,1,0.363439121,NY,19,R,2,0,0.485464771,0.287771392,21.9,17.3,-0.7,57566,-0.013375951,1,0.406,279705.96,2,0,0.425058263,0.011226244,19.73310173,366048507.6,66.95346601,-0.000907548,-36.72451012,-5187501.78,-1,-5187501.78,100000000
0.676133448,0.411570839,13.83551764,0.24827257,0,0,1020207.57,0,1,0.423,0,0.340156591,NY,20,D,-7,1,0.291651924,0.487990942,24.9,15.1,-0.5,60765,-0.015189665,1,2.961,1020207.57,7,1,0.77644622,0.007846932,-8.610636277,-1020207.57,-1,-0.001061266,165.9653459,1.20E+72,Inf,100000000,-1020207.57
0.306680628,0.294367582,14.02726854,0.410979235,14.78290724,9.616763021,1235847.75,2631084.99,0,0.215,1,0.294653183,NY,21,R,4,0,0.438510008,0.292688838,24.5,15.4,-0.6,51255,-0.032016389,1,0.86,-1395237.24,4,0,0.408963272,0.011111689,31.42510746,4.44376E+13,35957192.82,-0.000706697,-258.7706353,-2631084.99,-1,-2631084.99,100000000
0.462573198,0.3219294,14.32462634,0.390876079,14.70044286,14.91931793,1663818.37,2422819.36,0,0.215,1,0.287194521,NY,22,R,6,0,0.647617636,0,22.3,16.7,-0.6,48499,-0.009876492,1,1.29,-759000.99,6,0,0.412306158,0.011137455,17.68507102,46257498.67,27.80201223,-0.000688127,-39.68895141,-2422819.36,-1,-2422819.36,46257498.67
0.41856204,0.325179474,14.31260513,0.380626353,14.93814367,0,1643936.99,3072933.93,0,0.298,1,0.294194173,NY,23,R,6,0,0.495266434,0.316094126,22.3,16.2,-0.6,47266,-0.010789997,1,1.788,-1428996.94,6,0,0.412030383,0.011135368,21.6260551,2464829229,1499.345318,-0.000748152,-93.91406361,-3072933.93,-1,-3072933.93,100000000
0.389780291,0.343569645,14.56892899,0.325912173,14.70416802,0,2124248.23,2431861.59,0,0.209,1,0.330518181,NY,24,R,-3,0,0.461519932,0.35705472,23.9,15.2,-0.4,53034,-0.003167779,1,-0.627,-307613.36,-3,0,0.415016968,0.011157589,24.4473808,41432421314,19504.51022,-0.000690359,-144.9514541,-2431861.59,-1,-2431861.59,100000000
0.557521978,0.414093684,14.29463111,0.278587184,12.30807985,9.049198141,1614652.78,221477.29,1,0.465,0,0.307319132,NY,25,D,-8,1,0.386686071,0.444055446,25.1,15.1,-0.4,52046,-0.004515237,1,3.72,1393175.49,8,1,0.625236181,0.010665269,8.901238745,-1607312.718,-0.995454093,-0.049414699,13.47214599,487901.2608,2.202940359,487901.2608,-1607312.718
0.743710752,0.547849754,13.33269709,0.207634804,0,0,617043.91,0,1,0.343,0,0.244515442,NY,26,D,-11,1,0.22124535,0.5787328,25.3,16,-1.1,44159,-0.014040173,1,3.773,617043.91,11,1,0.77242478,0.007948147,-17.32988921,-617043.91,-1,-0.001074749,226.7606246,3.03E+98,Inf,100000000,-617043.91
0.323481084,0.307999157,0,0.39241772,13.89723834,0,0,1085159.37,0,0.365,1,0.299583123,NY,27,R,11,0,0.507425156,0.236763701,22.5,16.6,-0.7,59941,-0.016950001,1,4.015,-1085159.37,11,0,0.267247463,0.009060875,19.48144244,288857035.5,Inf,-0.000419045,-407.3440925,-1085159.37,-1,-1085159.37,100000000
0.702771354,0.600495738,13.66138109,0.153525083,9.959347902,9.986320211,857160.04,21148,1,0.406,0,0.245979179,NC,1,D,-17,1,0.266209592,0.733790408,24.9,14.9,-1.2,34139,-0.001845397,1,6.902,836012.04,17,1,0.69946687,0.009536124,-7.602116291,-857160.04,-1,-0.028759494,17.00993623,24375009.24,1152.591699,24375009.24,-857160.04
0.43269855,0.349385255,11.33331878,0.343720089,14.58367341,0,83558.88,2155801.09,0,0.406,1,0.306894656,NC,2,R,7,0,0.588265328,0.411734672,27.3,13,-0.9,51666,-0.017400225,1,2.842,-2072242.21,7,0,0.379628506,0.010841118,17.54129953,41420405.51,495.7032156,-0.00064187,-90.26841726,-2155801.09,-1,-2155801.09,41420405.51
0.326186974,0.362321995,0,0.325278279,14.0044416,0,0,1207956.65,0,0.242,1,0.312399726,NC,3,R,12,0,0.678098416,0.321901584,25.1,14.3,-0.4,45849,-0.010687256,1,2.904,-1207956.65,12,0,0.267209278,0.009060068,19.18451601,214649281.6,Inf,-0.000435172,-385.4073915,-1207956.65,-1,-1207956.65,100000000
0.682216862,0.431535771,13.58477918,0.199293445,11.40559935,0,793951.71,89822.27,1,0.34,0,0.369170784,NC,4,D,-17,1,0.252531206,0.747468794,31.6,10.1,-1,49388,-0.00196404,1,5.78,704129.44,17,1,0.654433191,0.01028,-4.140597395,-793951.71,-1,-0.041279521,15.81981876,7331135.011,81.61823355,7331135.011,-793951.71
0.415350602,0.332601091,10.27626038,0.376589724,14.07306844,0,29034.09,1293765.69,0,0.64,1,0.290809185,NC,5,R,10,0,0.610198377,0.389801623,24.2,16.1,-0.8,43971,-0.005048782,1,6.4,-1264731.6,10,0,0.368545952,0.010718078,18.17407547,78115873.75,2690.488104,-0.000529643,-145.7503317,-1293765.69,-1,-1293765.69,78115873.75
0.407191764,0.377624841,11.44358353,0.336730975,13.51505467,0,93299.76,740479.57,0,0.605,1,0.285644184,NC,6,R,9,0,0.586736767,0.413263233,23.9,16.5,-1.1,48987,0.008941148,1,5.445,-647179.81,9,0,0.381295697,0.010858638,19.99053319,480500600.8,5150.073278,-0.00044073,-197.0631556,-740479.57,-1,-740479.57,100000000
0.390220665,0.366708664,9.608336322,0.331985506,13.51802884,0,14887.38,742685.16,0,0.617,1,0.30130583,NC,7,R,9,0,0.593503867,0.371092784,24.9,16.5,-1.2,45976,-0.000326257,1,5.553,-727797.78,9,0,0.361679182,0.010636101,19.92972499,452225753.6,30376.44996,-0.000431815,-240.7098361,-742685.16,-1,-742685.16,100000000
0.411565212,0.354975086,12.89994062,0.33519752,14.80248763,0,400287.42,2683110.34,0,0.672,1,0.309827394,NC,8,R,8,0,0.648632498,0.351367502,25.3,14.3,-1.4,42016,-0.016446116,1,5.376,-2282822.92,8,0,0.396537018,0.011006828,20.93447985,1234776382,3084.724427,-0.000704495,-110.7269183,-2683110.34,-1,-2683110.34,100000000
0.417437955,0.391352433,10.99388166,0.315763301,14.29347241,0,59507.93,1612782.96,0,0.563,1,0.292884266,NC,9,R,8,0,0.939033098,0,29,11.4,-1.3,72786,-0.027381639,1,4.504,-1553275.03,8,0,0.376122549,0.010803431,18.6360878,123977160.1,2083.372083,-0.000577271,-128.7279134,-1612782.96,-1,-1612782.96,100000000
0.368458138,0.330534316,12.85556656,0.357716401,14.7978019,0,382913.33,2670567.42,0,0.582,1,0.311749283,NC,10,R,12,0,0.610175689,0.389824311,25,16.3,-1.5,43032,-0.005135713,1,6.984,-2287654.09,12,0,0.396053706,0.01100246,24.81124425,59618861472,155698.057,-0.000703037,-172.3072678,-2670567.42,-1,-2670567.42,100000000
0.358362597,0.30428751,10.88400169,0.353227129,13.34681395,0,53315.53,625816.42,0,0.627,1,0.342485361,NC,11,R,14,0,0.628986541,0.371013459,22.6,20.6,-1.3,40815,-0.017395565,1,8.778,-572500.89,14,0,0.375329968,0.010794753,24.00495087,26620538078,499301.7621,-0.000412713,-329.8396895,-625816.42,-1,-625816.42,100000000
0.6704808,0.491701903,13.93063977,0.199543586,10.77228723,0,1122017.41,47679.95,1,0.463,0,0.308754511,NC,12,D,-18,1,0.246536626,0.753463374,30.7,9.2,-1.3,37290,-0.024430142,1,8.334,1074337.46,18,1,0.679381694,0.009890275,-3.3065754,-1122017.41,-1,-0.035371107,15.59206281,5861766.02,122.9398525,5861766.02,-1122017.41
0.438582073,0.363180032,11.9241998,0.348031355,15.28195624,0,150872.92,4333803,0,0.656,1,0.288788613,NC,13,R,6,0,0.573077195,0.426922805,26.6,12.5,-1,64945,-0.008484102,1,3.936,-4182930.08,6,0,0.385593425,0.010902609,17.5575236,42031946.53,278.5917216,-0.000825855,-59.08690046,-4333803,-1,-4333803,42031946.53
0.404220431,0.142876234,12.53144443,0.260397976,13.45091054,0,276908.06,694473.37,0,0.584,1,0.59672579,OH,1,R,5,0,0.632166904,0.367833096,25.6,13,-0.7,52272,-0.01036884,1,2.92,-417565.31,5,0,0.393136775,0.010975638,21.25800473,1706725560,6163.509865,-0.000435686,-206.3854584,-694473.37,-1,-694473.37,100000000
0.333800646,0.142967311,9.099900311,0.285131311,13.64638253,0,8953.4,844399.79,0,0.578,1,0.571901377,OH,2,R,9,0,0.659625779,0.340374221,25.7,14.9,-1.4,51468,-0.006508899,1,5.202,-835446.39,9,0,0.356275387,0.010568498,24.82582093,60494650970,6756612.122,-0.000448903,-356.5877257,-844399.79,-1,-844399.79,100000000
0.682825605,0.192280852,13.43158985,0.129606006,0,0,681184.44,0,1,0.444,0,0.678113142,OH,3,D,-19,1,0.359309233,0.640572103,30.8,9.5,-1.4,41628,-0.022604977,1,8.436,681184.44,19,1,0.773219714,0.007928253,-9.628422254,-681184.44,-1,-0.0010721,170.5304359,1.15E+74,Inf,100000000,-681184.44
0.318983586,0.125694117,11.31295142,0.305560838,12.95505065,0,81874.2,422966.51,0,0.704,1,0.568745046,OH,4,R,14,0,0.676657423,0.323342577,23.9,15.5,-1.3,48397,-0.027129781,1,9.856,-341092.31,14,0,0.380072316,0.010845808,28.0029408,1.45052E+12,17716403.93,-0.000361013,-488.4570016,-422966.51,-1,-422966.51,100000000
0.290004466,0.133853641,0,0.307298047,13.54148429,0,0,760311.1,0,0.519,1,0.558848312,OH,5,R,11,0,0.664602076,0.289209095,23.5,15.8,-1.7,52806,-0.030148089,1,5.709,-760311.1,11,0,0.26736431,0.009063343,23.16976647,11547865752,Inf,-0.000369653,-554.546867,-760311.1,-1,-760311.1,100000000
0.293595394,0.149003387,8.495221574,0.292598682,14.11632459,0,4890.34,1350957.09,0,0.429,1,0.558397931,OH,6,R,16,0,0.582348992,0.38583912,23.2,17.9,-0.8,43423,-0.041844184,1,6.864,-1346066.75,16,0,0.349761633,0.010483385,28.18395851,1.73835E+12,355466438.1,-0.000525612,-378.5776485,-1350957.09,-1,-1350957.09,100000000
0.310923236,0.141498769,9.113151929,0.295617172,13.62848458,9.720570218,9072.85,829421.19,0,0.459,1,0.56288406,OH,7,R,12,0,1,0,23.2,16.4,-1.3,49615,-0.020880782,1,5.508,-820348.34,12,0,0.356421231,0.010570358,27.00060331,5.32369E+11,58677187.48,-0.000446152,-410.1661567,-829421.19,-1,-829421.19,100000000
0.27992952,0.105481926,0,0.326498289,14.6566107,0,0,2318915.71,0,0.756,1,0.568019786,OH,8,R,17,0,0.671900388,0.273636702,23.8,14.8,-1.2,51748,-0.006976115,1,12.852,-2318915.71,17,0,0.266943128,0.009054442,24.30525096,35944824821,Inf,-0.000547398,-387.373208,-2318915.71,-1,-2318915.71,100000000
0.685268582,0.217202407,13.46279232,0.159783557,10.38540987,0,702774.18,32382.68,1,0.35,0,0.623014036,OH,9,D,-14,1,0.321712348,0.677410323,25.7,14.3,-1.5,40471,-0.008005732,1,4.9,670391.5,14,1,0.686208174,0.00977394,-5.492570211,-702774.18,-1,-0.032298757,16.12149994,10001717.25,308.8600836,10001717.25,-702774.18
0.335060072,0.147162019,9.040150923,0.263772881,13.98884574,10.00272727,8434.05,1189263.66,0,0.267,1,0.5890651,OH,10,R,4,0,0.651785091,0.315289672,24.4,15.9,-1.2,46703,-0.015052566,1,1.068,-1180829.61,4,0,0.35551199,0.010558727,24.66134485,51319913339,6084848.126,-0.000506196,-311.8534853,-1189263.66,-1,-1189263.66,100000000
0.800700873,0.279350102,13.34036131,0.089074627,9.981424044,0,621791.25,21620.08,1,0.582,0,0.631575271,OH,11,D,-32,1,0.205492391,0.794507609,24.5,15.1,-0.9,34045,-0.00264356,1,18.624,600171.17,32,1,0.695811818,0.009603245,-17.97206081,-621791.25,-1,-0.029087792,20.3191241,667527876.4,30875.3657,100000000,-621791.25
0.309697956,0.143200054,10.03879524,0.319754452,14.45522727,0,22896.78,1895942.7,0,0.386,1,0.537045494,OH,12,R,7,0,0.681076167,0.277545334,26.6,13.3,-0.8,65680,-0.039448843,1,2.702,-1873045.92,7,0,0.365839072,0.010686287,27.84685517,1.2409E+12,54195236.72,-0.000604305,-300.4552855,-1895942.7,-1,-1895942.7,100000000
0.676426971,0.240170616,14.04072142,0.190696654,0,0,1252585.81,0,1,0.402,0,0.56913273,OH,13,D,-7,1,0.629260207,0.684880005,24,16.8,-1.3,41744,-0.002802798,1,2.814,1252585.81,7,1,0.778072783,0.007805589,-8.56192649,-1252585.81,-1,-0.001055757,167.1094844,3.76E+72,Inf,100000000,-1252585.81
0.372764602,0.165848927,12.42310959,0.304613839,14.65760416,0,248477,2321220.6,0,0.256,1,0.529537233,OH,14,R,5,0,0.632565943,0.330207848,22.2,17.3,-1.1,61614,-0.027737203,1,1.28,-2072743.6,5,0,0.391407471,0.010959363,24.0328534,27373584816,110165.4673,-0.00066636,-176.2833517,-2321220.6,-1,-2321220.6,100000000
0.337783115,0.14536094,10.5488015,0.289442907,14.77090969,0,38130.71,2599706.99,0,0.3,1,0.565196153,OH,15,R,7,0,0.660237076,0.339762924,27,13.6,-1,56404,-0.037656904,1,2.1,-2561576.28,7,0,0.371103741,0.01074749,25.64226892,1.36866E+11,3589391.923,-0.000679521,-223.9514887,-2599706.99,-1,-2599706.99,100000000
0.346219351,0.163068953,9.795158747,0.310251429,14.38550641,0,17945.65,1768258.71,0,0.385,1,0.526679618,OH,16,R,8,0,0.637376733,0.362623267,23,17.5,-1.1,60887,-0.017869167,1,3.08,-1750313.06,8,0,0.36328966,0.010655722,24.22690297,33236098610,1852042.061,-0.000587864,-247.2067465,-1768258.71,-1,-1768258.71,100000000
0.247329499,0.52595568,0,0.34508516,14.3941207,7.486557258,0,1783556.82,0,0.504,1,0.12895916,OK,2,R,24,0,0.700253145,0.245973978,23.4,17.3,-0.6,39407,-0.017991727,1,12.096,-1783556.82,24,0,0.267057653,0.009056864,27.89823373,1.30632E+12,Inf,-0.000499147,-491.8109268,-1783556.82,-1,-1783556.82,100000000
0.2170564,0.326638381,0,0.537097147,13.90758254,0,0,1096442.74,0,0.363,1,0.136264472,OK,3,R,27,0,0.786150172,0.213849828,24.8,14.8,-0.4,47952,-0.034930764,1,9.801,-1096442.74,27,0,0.267243841,0.009060799,31.22722563,3.64596E+13,Inf,-0.000420575,-658.8471874,-1096442.74,-1,-1096442.74,100000000
0.272472371,0.389830976,0,0.451016695,14.25112922,0,0,1545918.17,0,0.337,1,0.159152328,OK,4,R,20,0,0.708019583,0.246577814,26.5,13.3,-0.4,50985,-0.029793076,1,6.74,-1545918.17,20,0,0.267115725,0.009058091,25.11871658,81081169179,Inf,-0.000474657,-465.1005454,-1545918.17,-1,-1545918.17,100000000
0.391899184,0.39061124,11.88115014,0.440341023,13.66811408,0,144515.67,862950.77,0,0.47,1,0.169047737,OK,5,R,10,0,0.600956433,0.363155348,27.8,12.7,-0.5,46251,-0.04590171,1,4.7,-718435.1,10,0,0.385974878,0.01090643,21.7928092,2913904009,20163.23911,-0.000467392,-217.6171312,-862950.77,-1,-862950.77,100000000
0.615382331,0.381852342,13.75541411,0.253751228,6.609349243,0,941672.71,741,1,0.388,0,0.36439643,OR,1,D,-9,1,0.344651624,0.573093217,29.3,12.8,-1.4,63770,-0.033777638,1,3.492,940931.71,9,1,0.752848445,0.00842052,0.052896003,-941672.6557,-0.999999942,-0.010369779,17.73613758,50431314.64,68058.4543,50431314.64,-941672.6557
0.278989751,0.27380108,0,0.354801156,15.01813933,0,0,3328855.23,0,0.339,1,0.371397764,OR,2,R,11,0,0.704093242,0.256710446,23.5,18.5,-1.4,44314,-0.009003927,1,3.729,-3328855.23,11,0,0.266767024,0.009050715,24.41909234,40278849441,Inf,-0.00062148,-340.6012887,-3328855.23,-1,-3328855.23,100000000
0.582282567,0.355216872,13.69460309,0.288560708,11.03427238,0,886114.95,61960.74,1,0.428,0,0.356222421,OR,4,D,0,1,0.375699193,0.585545766,22.8,18.5,-1,43138,-0.017270156,1,0,824154.21,0,1,0.668565292,0.010066075,5.520357415,-885866.2257,-0.999719309,-0.037825021,13.20961993,483626.555,7.805370868,483626.555,-885866.2257
0.553633272,0.34431064,14.29616747,0.30056624,12.75029513,0,1617135.37,344652.6,1,0.189,0,0.35512312,OR,5,D,0,1,0.392517646,0.536999089,24.8,15.7,-1.4,54112,-0.020402129,1,0,1272482.77,0,1,0.604564179,0.010891694,9.371931426,-1605382.575,-0.992732337,-0.053506803,13.75265874,594429.0175,1.724719377,594429.0175,-1605382.575
0.821989095,0.731886768,13.4904812,0.151667965,0,0,722505.14,0,1,0.481,0,0.116445267,PA,1,D,-31,1,0.171628556,0.828371444,31.2,11.1,-0.9,41321,-0.034098884,1,14.911,722505.14,31,1,0.77369217,0.007916402,-27.18318336,-722505.14,-1,-0.001070521,300.7778669,4.23E+130,Inf,100000000,-722505.14
0.901616277,0.802454122,14.71158349,0.08346203,0,0,2449962.02,0,1,0.504,0,0.114083848,PA,2,D,-40,1,0.122965265,0.877034735,28,13.4,-0.4,37038,-0.017441547,1,20.16,2449962.02,40,1,0.78333124,0.007670335,-37.64809204,-2449962.02,-1,-0.001037723,387.0168644,1.20E+168,Inf,100000000,-2449962.02
0.338968682,0.361770869,0,0.484303605,13.32563101,0,0,612699.19,0,0.654,1,0.153925526,PA,4,R,11,0,0.745363332,0.254636668,24.9,15.7,-0.8,57680,0.004334258,1,7.194,-612699.19,11,0,0.267428374,0.009064695,17.76467011,51891735.38,Inf,-0.000342547,-456.7745013,-612699.19,-1,-612699.19,51891735.38
0.327461425,0.384821727,11.58239602,0.470700602,14.0246234,7.762123798,107193.05,1232583.08,0,0.308,1,0.144477672,PA,5,R,14,0,0.635961008,0.364038992,22.9,16.8,-0.6,46621,-0.031337809,1,4.312,-1125390.03,14,0,0.382590488,0.010872067,27.45229295,8.36333E+11,7802120.59,-0.000528442,-312.4795302,-1232583.08,-1,-1232583.08,100000000
0.427039055,0.395278486,13.58494191,0.438310745,14.67437963,0,794080.92,2360488.65,0,0.217,1,0.166410769,PA,6,R,2,0,0.562909327,0.437090673,24.3,15.2,-0.5,75159,-0.014356231,1,0.434,-1566407.73,2,0,0.404139903,0.011072686,20.17421412,576703097.2,726.2523034,-0.000677622,-92.9976841,-2360488.65,-1,-2360488.65,100000000
0.402612755,0.365665746,13.34399489,0.489434429,14.64369707,0,624054.69,2289162.6,0,0.22,1,0.144899825,PA,7,R,1,0,0.620389155,0.379610845,23,16.4,-0.5,80607,-0.011500242,1,0.22,-1665107.91,1,0,0.401503403,0.011050456,22.15695688,4193527384,6719.807496,-0.000668903,-130.9487787,-2289162.6,-1,-2289162.6,100000000
0.455118704,0.420040779,15.27640947,0.417501453,15.0150844,0,4309830.95,3318701.32,0,0.202,1,0.162457768,PA,8,R,2,0,0.619021295,0.380978705,23.2,16.1,-0.8,77839,-0.011999126,1,0.404,991129.63,2,0,0.422711645,0.011211035,19.27972364,231780166.7,53.77941023,-0.000774311,-42.94780069,-3318701.32,-1,-3318701.32,100000000
0.365680089,0.395573669,0,0.49031425,15.32819826,0,0,4538912.67,0,0.374,1,0.114112082,PA,9,R,19,0,0.635217549,0.364782451,22.8,18.5,-0.7,45632,-0.030110449,1,7.106,-4538912.67,19,0,0.266597092,0.009047116,14.84670973,2804425.813,Inf,-0.000692832,-178.5427159,-4538912.67,-1,-4538912.67,2804425.813
0.297086421,0.332806962,11.18301917,0.526576642,13.81722363,7.017335878,71898.11,1001713.54,0,0.35,1,0.140616395,PA,10,R,16,0,0.625830459,0.248095074,22.4,18,-0.8,50354,-0.026512293,1,5.6,-929815.43,16,0,0.378368386,0.010827704,29.92324102,9.89688E+12,137651509.1,-0.000488994,-401.1437342,-1001713.54,-1,-1001713.54,100000000
0.362928797,0.409078812,12.93301496,0.456349197,13.84695446,0,413748.07,1031942.48,0,0.274,1,0.13457199,PA,11,R,10,0,0.663071492,0.336928508,23.8,17.3,-0.7,51784,-0.02216901,1,2.74,-618194.41,10,0,0.397376618,0.011014365,25.37778224,1.05058E+11,253917.7713,-0.000503073,-258.6206486,-1031942.48,-1,-1031942.48,100000000
0.380586003,0.462254354,13.27179497,0.414777646,14.33078913,0,580586.02,1674103.8,0,0.49,1,0.122968,PA,12,R,11,0,0.592776988,0.407223012,22.5,19.4,-0.4,56446,-0.029656663,1,5.39,-1093517.78,11,0,0.400874627,0.011045059,24.08332616,28790346902,49588.42602,-0.00059864,-185.1446836,-1674103.8,-1,-1674103.8,100000000
0.743167776,0.676599167,13.62763243,0.18654394,9.660799241,0,828714.7,15689.32,1,0.326,0,0.136856894,PA,14,D,-17,1,0,1,27.3,16.2,-0.6,42044,-0.036009894,1,5.542,813025.38,17,1,0.706293435,0.009407571,-12.22046167,-828714.7,-1,-0.026510188,18.83341545,151078722.5,9629.399013,100000000,-828714.7
0.394471694,0.434236198,9.978638623,0.401840965,14.37757246,0,21559.94,1754284.94,0,0.243,1,0.163922838,PA,15,R,4,0,1,0,24.2,16.1,-0.9,58384,-0.013513976,1,0.972,-1732725,4,0,0.365238923,0.010679147,19.86035584,421910911.7,19569.20621,-0.000587557,-165.227613,-1754284.94,-1,-1754284.94,100000000
0.442246738,0.389447822,13.96054571,0.450701676,14.86008374,0,1156079.21,2842184.16,0,0.538,1,0.159850502,PA,16,R,5,0,0.577195222,0.422804778,24.7,14.8,-0.8,54296,-0.020001473,1,2.69,-1686104.95,5,0,0.408178942,0.011105493,19.1609686,208497813.4,180.3490726,-0.000725765,-64.71556738,-2842184.16,-1,-2842184.16,100000000
0.538079693,0.517991609,13.66663113,0.343281853,12.03859142,0,861672,169157.5,1,0.397,0,0.138726538,PA,17,D,1,1,0.432417859,0.567582141,23.9,17.7,-0.7,48600,-0.011851852,1,-0.397,692514.5,-1,1,0.630258509,0.010604443,10.07571232,-837914.1037,-0.972428144,-0.047169105,12.84589301,210069.546,1.241857712,210069.546,-837914.1037
0.646748049,0.45134963,13.72470509,0.102724847,11.52324444,0,913194.34,101036.24,1,0.397,0,0.445925523,RI,1,D,-14,1,0.402294452,0.594863105,26,15.4,-0.9,52517,-9.52E-05,1,5.558,812158.1,14,1,0.651510693,0.010322009,-0.492299723,-913194.34,-1,-0.042302756,14.99223941,3142708.817,31.10476812,3142708.817,-913194.34
0.653675837,0.355988258,13.81833946,0.134685142,7.949888923,0,1002831.91,2834.26,1,0.375,0,0.5093266,RI,2,D,-6,1,0.375765138,0.622210189,24.1,15.4,-0.9,61793,-0.017040765,1,2.25,999997.65,6,1,0.738661348,0.00874167,-3.76134881,-1002831.91,-1,-0.015905303,17.61181326,44533380.88,15712.52492,44533380.88,-1002831.91
0.358962299,0.314122787,13.05833429,0.453951173,15.80538336,0,468987.86,7314602.33,0,0.395,1,0.23192604,SD,1,R,14,0,0.66529627,0.33470373,24.5,14.9,-0.4,50957,-0.028690857,1,5.53,-6845614.47,14,0,0.397565253,0.011016047,25.86126625,1.70374E+11,363280.7895,-0.001003641,-124.7206167,-7314602.33,-1,-7314602.33,100000000
0.293934178,0.098812187,11.7201514,0.49017412,13.70640496,0,123025.05,896634.73,0,0.53,1,0.411013693,UT,1,R,26,0,0.647761355,0.280095975,27.4,9.3,-0.9,61224,-0.032585261,1,13.78,-773609.68,26,0,0.384214355,0.010888687,30.64491371,2.03665E+13,165547783.5,-0.000472961,-421.9865126,-896634.73,-1,-896634.73,100000000
0.356832883,0.137623646,13.2799241,0.446835327,13.77264666,0,585324.92,958040.77,0,0.522,1,0.415541027,UT,2,R,16,0,0.608223657,0.325505513,28.2,12,-1.2,54299,-0.019632037,1,8.352,-372715.85,16,0,0.40121716,0.011048004,26.23856544,2.48464E+11,424488.7137,-0.000491598,-277.4551838,-958040.77,-1,-958040.77,100000000
0.267234851,0.088338765,11.05732182,0.501690653,14.43094244,0,63405.51,1850454.6,0,0.647,1,0.409970581,UT,3,R,25,0,0.722064806,0.224849207,25.8,9.2,-1,64445,-0.03095663,1,16.175,-1787049.09,25,0,0.376736457,0.010810112,32.589489,1.42375E+14,2245475073,-0.000606372,-369.4342637,-1850454.6,-1,-1850454.6,100000000
0.438166403,0.133890141,14.55889126,0.416277065,15.53401966,0,2103032.24,5576207.69,0,0.57,1,0.449832794,UT,4,R,13,0,0.50918678,0.45814987,30.8,8.5,-1.4,62860,-0.028189628,1,7.41,-3473175.45,13,0,0.414349911,0.011152697,20.10316411,535786681.3,254.7686484,-0.000924363,-51.3592132,-5576207.69,-1,-5576207.69,100000000
0.310264102,0.416151799,10.23554542,0.339939036,13.88135327,0,27875.67,1068057.71,0,0.292,1,0.243909165,WV,1,R,19,0,0.63902803,0.360025425,24.1,17.2,-0.4,42057,-0.023159046,1,5.548,-1040182.04,19,0,0.368194132,0.010713985,27.94472665,1.36849E+12,49092512.56,-0.000494748,-369.6183559,-1068057.71,-1,-1068057.71,100000000
0.417737138,0.392641321,13.68507619,0.343602493,14.12774997,0,877713.1,1366480.8,0,0.565,1,0.263756186,WV,2,R,17,0,0.470787682,0.438813614,24.5,16.8,-0.6,46254,-0.026830112,1,9.605,-488767.7,17,0,0.405525871,0.011084115,21.1067661,1466534225,1670.858308,-0.000559282,-132.9587297,-1366480.8,-1,-1366480.8,100000000
0.260881757,0.517582709,10.71748639,0.263644023,13.25118742,11.40179713,45137.3,568743.98,0,0.315,1,0.218773268,WV,3,R,23,0,0.553507454,0.446492546,25.5,15.9,0,32856,0,1,7.245,-523606.68,23,0,0.373576519,0.010775346,32.90872271,1.95919E+14,4340513398,-0.00039823,-587.2011752,-568743.98,-1,-568743.98,100000000
0.325841726,0.179262173,12.21067608,0.670952704,14.95859127,6.33150185,200921.81,3136414.9,0,0.675,1,0.149785123,WY,1,R,25,0,0.660450007,0.220872553,26,13.5,-0.4,58840,-0.024371176,1,16.875,-2935493.09,25,0,0.388916822,0.010935435,28.13672495,1.65815E+12,8252722.662,-0.000739277,-220.6206213,-3136414.9,-1,-3136414.9,100000000
